url,label,category,source
http://citibank.com@login-verify-496.tk/account/login.php,1,PHISHING,synthetic_benchmark
https://www.apache.org/pricing,0,SAFE,synthetic_benchmark
http://91.240.118.172/metamask/billing-suspended-reactivate/index.php?client_id=61849,1,PHISHING,synthetic_benchmark
http://appleid-urgent-security-checkpoint.tk/secure-login.html,1,PHISHING,synthetic_benchmark
https://dev.pydantic.dev/blog/engineering-updates,0,SAFE,synthetic_benchmark
https://portal.access.security.verify.cloud-storage-anon.link/verification/step1,1,SUSPICIOUS,synthetic_benchmark
http://secure.freepages-hosting.net/download/setup_installer.exe,1,SUSPICIOUS,synthetic_benchmark
http://zoom.us,0,SAFE,synthetic_benchmark
https://sqlalchemy.org/about,0,SAFE,synthetic_benchmark
http://paypal.account.resolution.center.account-verification-service.work/portal/login?return_to=dashboard,1,SUSPICIOUS,synthetic_benchmark
https://www.reddit.com/pricing,0,SAFE,synthetic_benchmark
https://wikipedia.org/,0,SAFE,synthetic_benchmark
http://212.192.241.8/bankofamerica/confirm-identity-access/index.php?client_id=40389,1,PHISHING,synthetic_benchmark
http://binance.com@login-verify-864.gq/account/login.php,1,PHISHING,synthetic_benchmark
http://79.137.199.120/citibank/recover-restricted-profile/index.php?client_id=70694,1,PHISHING,synthetic_benchmark
http://195.123.245.89/bankofamerica/auth-token-validation/index.php?client_id=38474,1,PHISHING,synthetic_benchmark
http://79.137.199.120/chase/billing-suspended-reactivate.html?client_id=50026,1,PHISHING,synthetic_benchmark
http://binance-security-update.buzz/%2e%2e/%73%65%63%75%72%65/login?auth=true,1,PHISHING,synthetic_benchmark
http://fedex-tracking-recover-restricted-profile.xyz/login?session=361609,1,PHISHING,synthetic_benchmark
https://www.bitbucket.org/,0,SAFE,synthetic_benchmark
https://spotify.com/about,0,SAFE,synthetic_benchmark
http://support.microsoft.account.recovery.account-verification-service.work/portal/login?return_to=dashboard,1,SUSPICIOUS,synthetic_benchmark
http://netflix-recover-restricted-profile.club/secure-login.html,1,PHISHING,synthetic_benchmark
http://update-metamask.ga//auth/login/step1?session_token=a9f8b2c4e1,1,PHISHING,synthetic_benchmark
http://netflix-confirm-identity-access.buzz/secure-login.html,1,PHISHING,synthetic_benchmark
https://python.org/,0,SAFE,synthetic_benchmark
http://metamask.com@login-verify-543.cf/account/login.php,1,PHISHING,synthetic_benchmark
https://fastapi.tiangolo.com/contact,0,SAFE,synthetic_benchmark
https://metamask-unusual-activity-warning.pw/signin.php?action=login,1,PHISHING,synthetic_benchmark
https://www.who.int/pricing,0,SAFE,synthetic_benchmark
https://reuters.com,0,SAFE,synthetic_benchmark
http://secure.customer-support-desk24.top/verification/step1,1,SUSPICIOUS,synthetic_benchmark
https://microsoft365-recover-restricted-profile.xyz/checkpoint/identity-challenge,1,PHISHING,synthetic_benchmark
http://secure-gateway.icu/redirect.php?url=http://login-citibank-auth.xyz/confirm,1,PHISHING,synthetic_benchmark
http://79.137.199.120/metamask/login-credential-update.html?client_id=96193,1,PHISHING,synthetic_benchmark
https://secure.login-portal-center.club/auth/check-session?token=8471928471,1,SUSPICIOUS,synthetic_benchmark
https://docs.salesforce.com/docs,0,SAFE,synthetic_benchmark
http://www.twitch.tv/pricing,0,SAFE,synthetic_benchmark
http://secure.account.update.wallet-connect-portal.live/claim/reward?user_id=99281&promo=spring,1,SUSPICIOUS,synthetic_benchmark
https://archive.org/pricing,0,SAFE,synthetic_benchmark
http://citibank.com@login-verify-189.cf/account/login.php,1,PHISHING,synthetic_benchmark
http://netflix.com@login-verify-670.gq/account/login.php,1,PHISHING,synthetic_benchmark
http://id.apple.security.check.ngrok-free.app/download/setup_installer.exe,1,SUSPICIOUS,synthetic_benchmark
https://billing.service.customer.desk.vip-deal-exclusive.icu/claim/reward?user_id=99281&promo=spring,1,SUSPICIOUS,synthetic_benchmark
https://blog.numpy.org/docs/v2/overview,0,SAFE,synthetic_benchmark
http://update-amazon.tk//auth/login/step1?session_token=a9f8b2c4e1,1,PHISHING,synthetic_benchmark
https://api.cnn.com/resources/whitepapers/cloud-governance.pdf,0,SAFE,synthetic_benchmark
http://id.apple.security.check.file-download-fast.rest/notice/suspended?action=resolve,1,SUSPICIOUS,synthetic_benchmark
http://secure.verify-billing-notice.buzz/claim/reward?user_id=99281&promo=spring,1,SUSPICIOUS,synthetic_benchmark
http://id.apple.security.check.stream-hd-movies.cam/portal/login?return_to=dashboard,1,SUSPICIOUS,synthetic_benchmark
https://www.zoom.us/pricing,0,SAFE,synthetic_benchmark
https://www.cloudflare.com/,0,SAFE,synthetic_benchmark
http://quora.com/about,0,SAFE,synthetic_benchmark
http://usps-delivery-password-reset-notice.tk/auth/verify.php?target=usps-delivery,1,PHISHING,synthetic_benchmark
http://microsoft365-security-update.icu/%2e%2e/%73%65%63%75%72%65/login?auth=true,1,PHISHING,synthetic_benchmark
https://pydantic.dev/about,0,SAFE,synthetic_benchmark
https://paypal.account.resolution.center.secure-portal-auth0.xyz/notice/suspended?action=resolve,1,SUSPICIOUS,synthetic_benchmark
https://www.slack.com/,0,SAFE,synthetic_benchmark
https://slack.com/about,0,SAFE,synthetic_benchmark
https://community.sqlalchemy.org/policies/privacy,0,SAFE,synthetic_benchmark
https://chase-confirm-identity-access.top/secure-login.html,1,PHISHING,synthetic_benchmark
https://docs.reuters.com/articles/2026/cybersecurity-best-practices,0,SAFE,synthetic_benchmark
https://docs.linkedin.com,0,SAFE,synthetic_benchmark
https://citibank-login-credential-update.pw/signin.php?action=login,1,PHISHING,synthetic_benchmark
https://sqlalchemy.org/pricing,0,SAFE,synthetic_benchmark
https://www.fastapi.tiangolo.com/,0,SAFE,synthetic_benchmark
http://wellsfargo.com@login-verify-467.club/account/login.php,1,PHISHING,synthetic_benchmark
https://stackoverflow.com/contact,0,SAFE,synthetic_benchmark
https://id.apple.security.check.stream-hd-movies.cam/account/update-details.php,1,SUSPICIOUS,synthetic_benchmark
https://docs.reuters.com/search?q=machine+learning+tutorial,0,SAFE,synthetic_benchmark
https://www.spotify.com/contact,0,SAFE,synthetic_benchmark
https://archive.org/contact,0,SAFE,synthetic_benchmark
https://api.oracle.com/policies/privacy,0,SAFE,synthetic_benchmark
https://support.archive.org/search?q=machine+learning+tutorial,0,SAFE,synthetic_benchmark
https://paypal.account.resolution.center.crypto-airdrop-rewards.club/redirect.php?url=https://legitimate-looking.com,1,SUSPICIOUS,synthetic_benchmark
https://un.org/contact,0,SAFE,synthetic_benchmark
https://www.stackoverflow.com,0,SAFE,synthetic_benchmark
http://secure.temp-file-share.xyz/notice/suspended?action=resolve,1,SUSPICIOUS,synthetic_benchmark
http://dhl-parcel-security-update.buzz/%2e%2e/%73%65%63%75%72%65/login?auth=true,1,PHISHING,synthetic_benchmark
https://spotify.com/pricing,0,SAFE,synthetic_benchmark
https://dropbox.com/contact,0,SAFE,synthetic_benchmark
http://194.26.29.112/bankofamerica/recover-restricted-profile/index.php?client_id=11217,1,PHISHING,synthetic_benchmark
http://chase.secure.banking.alert.vip-deal-exclusive.icu/download/setup_installer.exe,1,SUSPICIOUS,synthetic_benchmark
http://212.192.241.8:3000/fedex-tracking/verify-account-security/login.aspx?client_id=38644,1,PHISHING,synthetic_benchmark
https://salesforce.com/pricing,0,SAFE,synthetic_benchmark
http://79.137.199.120:8080/appleid/unusual-activity-warning.html?client_id=63948,1,PHISHING,synthetic_benchmark
https://api.twitch.tv/docs,0,SAFE,synthetic_benchmark
http://banking.online.app.validate.cloud-storage-anon.link/notice/suspended?action=resolve,1,SUSPICIOUS,synthetic_benchmark
http://usps-delivery-billing-suspended-reactivate.top/login?session=112537,1,PHISHING,synthetic_benchmark
https://debian.org/,0,SAFE,synthetic_benchmark
http://secure.account.update.software-crack-free.pw/auth/check-session?token=8471928471,1,SUSPICIOUS,synthetic_benchmark
https://chase.secure.banking.alert.urgent-update-notice.top/download/setup_installer.exe,1,SUSPICIOUS,synthetic_benchmark
https://wallet.web3.connect.restore.temp-file-share.xyz/download/setup_installer.exe,1,SUSPICIOUS,synthetic_benchmark
https://binance-password-reset-notice.xyz/auth/verify.php?target=binance,1,PHISHING,synthetic_benchmark
https://un.org/,0,SAFE,synthetic_benchmark
https://www.mit.edu,0,SAFE,synthetic_benchmark
https://nytimes.com/pricing,0,SAFE,synthetic_benchmark
https://wallet.web3.connect.restore.prize-winner-claim.top/auth/check-session?token=8471928471,1,SUSPICIOUS,synthetic_benchmark
http://citibank.com@login-verify-199.buzz/account/login.php,1,PHISHING,synthetic_benchmark
http://secure.account.update.ngrok-free.app/verification/step1,1,SUSPICIOUS,synthetic_benchmark
https://community.docker.com/help/faq,0,SAFE,synthetic_benchmark
https://linkedin.com/contact,0,SAFE,synthetic_benchmark
http://secure.account.update.network-speed-test.guru/support/ticket/review,1,SUSPICIOUS,synthetic_benchmark
https://pandas.pydata.org,0,SAFE,synthetic_benchmark
http://secure.network-speed-test.guru/claim/reward?user_id=99281&promo=spring,1,SUSPICIOUS,synthetic_benchmark
http://secure.secure-portal-auth0.xyz/webscr?cmd=_flow&dispatch=5885d80a13c0db1f8e263663d3faee8d4,1,SUSPICIOUS,synthetic_benchmark
http://id.apple.security.check.vip-deal-exclusive.icu/account/update-details.php,1,SUSPICIOUS,synthetic_benchmark
https://blog.ubuntu.com/projects/open-source/contributors,0,SAFE,synthetic_benchmark
http://chase.secure.banking.alert.software-crack-free.pw/download/setup_installer.exe,1,SUSPICIOUS,synthetic_benchmark
https://status.fastapi.tiangolo.com/releases/tag/v2.4.0,0,SAFE,synthetic_benchmark
https://secure.bonus-token-claim.site/account/update-details.php,1,SUSPICIOUS,synthetic_benchmark
http://103.109.102.14/microsoft365/urgent-security-checkpoint.html?client_id=94092,1,PHISHING,synthetic_benchmark
http://netflix.com@login-verify-570.ml/account/login.php,1,PHISHING,synthetic_benchmark
https://cloudflare.com/pricing,0,SAFE,synthetic_benchmark
http://193.106.191.22/metamask/unusual-activity-warning.html?client_id=82733,1,PHISHING,synthetic_benchmark
http://netflix-login-credential-update.buzz/checkpoint/identity-challenge,1,PHISHING,synthetic_benchmark
http://79.137.199.120/bankofamerica/confirm-identity-access.php?client_id=85223,1,PHISHING,synthetic_benchmark
http://coinbase-urgent-security-checkpoint.icu/secure-login.html,1,PHISHING,synthetic_benchmark
https://www.gitlab.com/about,0,SAFE,synthetic_benchmark
http://usps-delivery-login-credential-update.xyz/secure-login.html,1,PHISHING,synthetic_benchmark
https://github.com,0,SAFE,synthetic_benchmark
http://secure.crypto-airdrop-rewards.club/auth/check-session?token=8471928471,1,SUSPICIOUS,synthetic_benchmark
http://secure-gateway.club/redirect.php?url=http://login-appleid-auth.xyz/confirm,1,PHISHING,synthetic_benchmark
https://www.nasa.gov/,0,SAFE,synthetic_benchmark
http://bankofamerica-confirm-identity-access.top/checkpoint/identity-challenge,1,PHISHING,synthetic_benchmark
https://archive.org/about,0,SAFE,synthetic_benchmark
http://secure-gateway.club/redirect.php?url=http://login-binance-auth.xyz/confirm,1,PHISHING,synthetic_benchmark
https://wallet.web3.connect.restore.verify-billing-notice.buzz/notice/suspended?action=resolve,1,SUSPICIOUS,synthetic_benchmark
https://kernel.org/about,0,SAFE,synthetic_benchmark
https://secure.account.update.account-verification-service.work/account/update-details.php,1,SUSPICIOUS,synthetic_benchmark
http://support.microsoft.account.recovery.temp-file-share.xyz/account/update-details.php,1,SUSPICIOUS,synthetic_benchmark
https://wikipedia.org/about,0,SAFE,synthetic_benchmark
https://bbc.com/contact,0,SAFE,synthetic_benchmark
http://chase.secure.banking.alert.customer-support-desk24.top/notice/suspended?action=resolve,1,SUSPICIOUS,synthetic_benchmark
http://194.26.29.112/bankofamerica/urgent-security-checkpoint/index.php?client_id=53544,1,PHISHING,synthetic_benchmark
http://chase.secure.banking.alert.file-download-fast.rest/portal/login?return_to=dashboard,1,SUSPICIOUS,synthetic_benchmark
http://binance-security-update.icu/%2e%2e/%73%65%63%75%72%65/login?auth=true,1,PHISHING,synthetic_benchmark
http://metamask.com@login-verify-756.top/account/login.php,1,PHISHING,synthetic_benchmark
http://www.reddit.com,0,SAFE,synthetic_benchmark
https://google.com/,0,SAFE,synthetic_benchmark
http://212.192.241.8/appleid/unusual-activity-warning.cgi?client_id=47923,1,PHISHING,synthetic_benchmark
https://blog.slack.com/resources/whitepapers/cloud-governance.pdf,0,SAFE,synthetic_benchmark
https://community.cnn.com/policies/privacy,0,SAFE,synthetic_benchmark
http://update-citibank.xyz//auth/login/step1?session_token=a9f8b2c4e1,1,PHISHING,synthetic_benchmark
https://www.stackoverflow.com/contact,0,SAFE,synthetic_benchmark
http://secure-gateway.buzz/redirect.php?url=http://login-wellsfargo-auth.xyz/confirm,1,PHISHING,synthetic_benchmark
https://kernel.org/pricing,0,SAFE,synthetic_benchmark
http://auth.user.login.confirm.secure-portal-auth0.xyz/account/update-details.php,1,SUSPICIOUS,synthetic_benchmark
http://bankofamerica-login-credential-update.top/checkpoint/identity-challenge,1,PHISHING,synthetic_benchmark
https://www.nytimes.com/contact,0,SAFE,synthetic_benchmark
https://ubuntu.com,0,SAFE,synthetic_benchmark
http://bankofamerica.com@login-verify-905.club/account/login.php,1,PHISHING,synthetic_benchmark
http://support.microsoft.account.recovery.prize-winner-claim.top/auth/check-session?token=8471928471,1,SUSPICIOUS,synthetic_benchmark
http://dhl-parcel-auth-token-validation.gq/login?session=620226,1,PHISHING,synthetic_benchmark
http://intel.com/about,0,SAFE,synthetic_benchmark
http://amazon-billing-suspended-reactivate.xyz/signin.php?action=login,1,PHISHING,synthetic_benchmark
http://secure-gateway.cf/redirect.php?url=http://login-wellsfargo-auth.xyz/confirm,1,PHISHING,synthetic_benchmark
https://numpy.org/,0,SAFE,synthetic_benchmark
http://paypal.account.resolution.center.vip-deal-exclusive.icu/claim/reward?user_id=99281&promo=spring,1,SUSPICIOUS,synthetic_benchmark
http://bankofamerica.com@login-verify-741.club/account/login.php,1,PHISHING,synthetic_benchmark
https://www.nytimes.com,0,SAFE,synthetic_benchmark
http://192.168.1.100:3000/usps-delivery/confirm-identity-access.html?client_id=90760,1,PHISHING,synthetic_benchmark
https://apache.org/,0,SAFE,synthetic_benchmark
https://dev.adobe.com/about,0,SAFE,synthetic_benchmark
https://dev.python.org/store/catalog/category?id=8831&sort=popularity,0,SAFE,synthetic_benchmark
https://fastapi.tiangolo.com/about,0,SAFE,synthetic_benchmark
http://secure.duckdns.org/portal/login?return_to=dashboard,1,SUSPICIOUS,synthetic_benchmark
https://nytimes.com/about,0,SAFE,synthetic_benchmark
https://billing.service.customer.desk.wallet-connect-portal.live/redirect.php?url=https://legitimate-looking.com,1,SUSPICIOUS,synthetic_benchmark
http://www.quora.com/about,0,SAFE,synthetic_benchmark
https://status.scikit-learn.org/pricing,0,SAFE,synthetic_benchmark
https://www.medium.com/about,0,SAFE,synthetic_benchmark
https://community.nytimes.com/contact,0,SAFE,synthetic_benchmark
http://secure.prize-winner-claim.top/account/update-details.php,1,SUSPICIOUS,synthetic_benchmark
https://portal.access.security.verify.login-portal-center.club/account/update-details.php,1,SUSPICIOUS,synthetic_benchmark
http://chase-security-update.gq/%2e%2e/%73%65%63%75%72%65/login?auth=true,1,PHISHING,synthetic_benchmark
https://fastapi.tiangolo.com/,0,SAFE,synthetic_benchmark
https://www.wikipedia.org/contact,0,SAFE,synthetic_benchmark
https://www.scikit-learn.org,0,SAFE,synthetic_benchmark
http://secure-gateway.club/redirect.php?url=http://login-metamask-auth.xyz/confirm,1,PHISHING,synthetic_benchmark
http://secure.account.update.ngrok-free.app/auth/check-session?token=8471928471,1,SUSPICIOUS,synthetic_benchmark
https://www.oracle.com/pricing,0,SAFE,synthetic_benchmark
https://cnn.com,0,SAFE,synthetic_benchmark
https://nih.gov/pricing,0,SAFE,synthetic_benchmark
https://bankofamerica-verify-account-security.gq/secure-login.html,1,PHISHING,synthetic_benchmark
https://mit.edu/pricing,0,SAFE,synthetic_benchmark
http://chase.secure.banking.alert.urgent-update-notice.top/auth/check-session?token=8471928471,1,SUSPICIOUS,synthetic_benchmark
https://amazon.com/contact,0,SAFE,synthetic_benchmark
https://slack.com/pricing,0,SAFE,synthetic_benchmark
https://www.sqlalchemy.org/about,0,SAFE,synthetic_benchmark
http://195.123.245.89/citibank/auth-token-validation.html?client_id=64559,1,PHISHING,synthetic_benchmark
https://fastapi.tiangolo.com/pricing,0,SAFE,synthetic_benchmark
https://harvard.edu/about,0,SAFE,synthetic_benchmark
https://status.oracle.com/products/enterprise-solutions,0,SAFE,synthetic_benchmark
http://secure-gateway.buzz/redirect.php?url=http://login-chase-auth.xyz/confirm,1,PHISHING,synthetic_benchmark
http://auth.user.login.confirm.vip-deal-exclusive.icu/webscr?cmd=_flow&dispatch=5885d80a13c0db1f8e263663d3faee8d4,1,SUSPICIOUS,synthetic_benchmark
http://secure.network-speed-test.guru/portal/login?return_to=dashboard,1,SUSPICIOUS,synthetic_benchmark
https://billing.service.customer.desk.stream-hd-movies.cam/webscr?cmd=_flow&dispatch=5885d80a13c0db1f8e263663d3faee8d4,1,SUSPICIOUS,synthetic_benchmark
http://178.159.37.45/bankofamerica/verify-account-security.cgi?client_id=40689,1,PHISHING,synthetic_benchmark
http://billing.service.customer.desk.duckdns.org/account/update-details.php,1,SUSPICIOUS,synthetic_benchmark
http://support.microsoft.account.recovery.software-crack-free.pw/portal/login?return_to=dashboard,1,SUSPICIOUS,synthetic_benchmark
https://python.org,0,SAFE,synthetic_benchmark
http://update-fedex-tracking.cf//auth/login/step1?session_token=a9f8b2c4e1,1,PHISHING,synthetic_benchmark
https://dev.vimeo.com/contact,0,SAFE,synthetic_benchmark
https://www.amazon.com/,0,SAFE,synthetic_benchmark
https://bbc.com/pricing,0,SAFE,synthetic_benchmark
http://fedex-tracking-security-update.icu/%2e%2e/%73%65%63%75%72%65/login?auth=true,1,PHISHING,synthetic_benchmark
https://apple.com/pricing,0,SAFE,synthetic_benchmark
http://amazon-confirm-identity-access.tk/signin.php?action=login,1,PHISHING,synthetic_benchmark
https://vimeo.com,0,SAFE,synthetic_benchmark
http://secure.secure-portal-auth0.xyz/claim/reward?user_id=99281&promo=spring,1,SUSPICIOUS,synthetic_benchmark
https://secure.file-download-fast.rest/auth/check-session?token=8471928471,1,SUSPICIOUS,synthetic_benchmark
https://reuters.com/,0,SAFE,synthetic_benchmark
http://195.123.245.89:3000/microsoft365/recover-restricted-profile/index.php?client_id=28634,1,PHISHING,synthetic_benchmark
http://netflix-verify-account-security.tk/signin.php?action=login,1,PHISHING,synthetic_benchmark
https://api.github.com,0,SAFE,synthetic_benchmark
https://apple.com,0,SAFE,synthetic_benchmark
http://212.192.241.8/coinbase/unusual-activity-warning/index.php?client_id=48737,1,PHISHING,synthetic_benchmark
http://amazon-password-reset-notice.xyz/checkpoint/identity-challenge,1,PHISHING,synthetic_benchmark
http://secure.dynamic-dns.org/verification/step1,1,SUSPICIOUS,synthetic_benchmark
https://status.apache.org/projects/open-source/contributors,0,SAFE,synthetic_benchmark
https://numpy.org/contact,0,SAFE,synthetic_benchmark
http://netflix-unusual-activity-warning.xyz/login?session=918207,1,PHISHING,synthetic_benchmark
http://update-citibank.club//auth/login/step1?session_token=a9f8b2c4e1,1,PHISHING,synthetic_benchmark
http://billing.service.customer.desk.software-crack-free.pw/portal/login?return_to=dashboard,1,SUSPICIOUS,synthetic_benchmark
https://secure.login-portal-center.club/redirect.php?url=https://legitimate-looking.com,1,SUSPICIOUS,synthetic_benchmark
https://www.harvard.edu/pricing,0,SAFE,synthetic_benchmark
http://bankofamerica-auth-token-validation.xyz/auth/verify.php?target=bankofamerica,1,PHISHING,synthetic_benchmark
http://wallet.web3.connect.restore.bonus-token-claim.site/claim/reward?user_id=99281&promo=spring,1,SUSPICIOUS,synthetic_benchmark
https://ubuntu.com/,0,SAFE,synthetic_benchmark
https://www.dropbox.com/contact,0,SAFE,synthetic_benchmark
http://secure.ngrok-free.app/claim/reward?user_id=99281&promo=spring,1,SUSPICIOUS,synthetic_benchmark
https://portal.access.security.verify.account-verification-service.work/webscr?cmd=_flow&dispatch=5885d80a13c0db1f8e263663d3faee8d4,1,SUSPICIOUS,synthetic_benchmark
http://secure.verify-billing-notice.buzz/support/ticket/review,1,SUSPICIOUS,synthetic_benchmark
http://192.168.1.100/microsoft365/auth-token-validation/index.php?client_id=57843,1,PHISHING,synthetic_benchmark
https://archive.org/,0,SAFE,synthetic_benchmark
http://paypal.account.resolution.center.secure-portal-auth0.xyz/notice/suspended?action=resolve,1,SUSPICIOUS,synthetic_benchmark
https://apple.com/contact,0,SAFE,synthetic_benchmark
http://dhl-parcel-recover-restricted-profile.icu/login?session=693022,1,PHISHING,synthetic_benchmark
https://stanford.edu/pricing,0,SAFE,synthetic_benchmark
https://secure.account.update.duckdns.org/account/update-details.php,1,SUSPICIOUS,synthetic_benchmark
http://update-wellsfargo.buzz//auth/login/step1?session_token=a9f8b2c4e1,1,PHISHING,synthetic_benchmark
http://banking.online.app.validate.network-speed-test.guru/portal/login?return_to=dashboard,1,SUSPICIOUS,synthetic_benchmark
http://91.240.118.172:3000/chase/password-reset-notice/login.aspx?client_id=62534,1,PHISHING,synthetic_benchmark
https://www.apache.org/,0,SAFE,synthetic_benchmark
http://secure-gateway.cf/redirect.php?url=http://login-microsoft365-auth.xyz/confirm,1,PHISHING,synthetic_benchmark
http://update-chase.ml//auth/login/step1?session_token=a9f8b2c4e1,1,PHISHING,synthetic_benchmark
http://netflix-security-update.top/%2e%2e/%73%65%63%75%72%65/login?auth=true,1,PHISHING,synthetic_benchmark
https://bbc.com,0,SAFE,synthetic_benchmark
https://nih.gov/about,0,SAFE,synthetic_benchmark
https://netflix.com/pricing,0,SAFE,synthetic_benchmark
https://dropbox.com/pricing,0,SAFE,synthetic_benchmark
http://194.26.29.112/paypal/urgent-security-checkpoint.php?client_id=62163,1,PHISHING,synthetic_benchmark
https://mit.edu/contact,0,SAFE,synthetic_benchmark
https://secure.network-speed-test.guru/portal/login?return_to=dashboard,1,SUSPICIOUS,synthetic_benchmark
https://cloudflare.com/contact,0,SAFE,synthetic_benchmark
https://wallet.web3.connect.restore.network-speed-test.guru/webscr?cmd=_flow&dispatch=5885d80a13c0db1f8e263663d3faee8d4,1,SUSPICIOUS,synthetic_benchmark
https://wallet.web3.connect.restore.crypto-airdrop-rewards.club/verification/step1,1,SUSPICIOUS,synthetic_benchmark
https://kernel.org,0,SAFE,synthetic_benchmark
http://id.apple.security.check.stream-hd-movies.cam/account/update-details.php,1,SUSPICIOUS,synthetic_benchmark
http://portal.access.security.verify.network-speed-test.guru/claim/reward?user_id=99281&promo=spring,1,SUSPICIOUS,synthetic_benchmark
http://secure.software-crack-free.pw/verification/step1,1,SUSPICIOUS,synthetic_benchmark
https://stackoverflow.com,0,SAFE,synthetic_benchmark
http://secure-gateway.xyz/redirect.php?url=http://login-amazon-auth.xyz/confirm,1,PHISHING,synthetic_benchmark
https://banking.online.app.validate.prize-winner-claim.top/support/ticket/review,1,SUSPICIOUS,synthetic_benchmark
https://www.cloudflare.com/about,0,SAFE,synthetic_benchmark
http://metamask.com@login-verify-570.tk/account/login.php,1,PHISHING,synthetic_benchmark
http://update-fedex-tracking.top//auth/login/step1?session_token=a9f8b2c4e1,1,PHISHING,synthetic_benchmark
https://dropbox.com/,0,SAFE,synthetic_benchmark
http://secure-gateway.xyz/redirect.php?url=http://login-fedex-tracking-auth.xyz/confirm,1,PHISHING,synthetic_benchmark
https://status.quora.com/,0,SAFE,synthetic_benchmark
https://kernel.org/,0,SAFE,synthetic_benchmark
http://212.192.241.8:3000/appleid/unusual-activity-warning/index.php?client_id=20803,1,PHISHING,synthetic_benchmark
http://194.26.29.112/dhl-parcel/recover-restricted-profile/login.aspx?client_id=33583,1,PHISHING,synthetic_benchmark
http://secure-gateway.ml/redirect.php?url=http://login-fedex-tracking-auth.xyz/confirm,1,PHISHING,synthetic_benchmark
https://adobe.com,0,SAFE,synthetic_benchmark
http://dhl-parcel.com@login-verify-635.gq/account/login.php,1,PHISHING,synthetic_benchmark
https://github.com/,0,SAFE,synthetic_benchmark
https://api.slack.com/products/enterprise-solutions,0,SAFE,synthetic_benchmark
https://blog.mit.edu/docs/v2/overview,0,SAFE,synthetic_benchmark
https://who.int/about,0,SAFE,synthetic_benchmark
https://citibank-recover-restricted-profile.cf/signin.php?action=login,1,PHISHING,synthetic_benchmark
https://netflix.com/,0,SAFE,synthetic_benchmark
http://wallet.web3.connect.restore.network-speed-test.guru/account/update-details.php,1,SUSPICIOUS,synthetic_benchmark
http://appleid-login-credential-update.buzz/checkpoint/identity-challenge,1,PHISHING,synthetic_benchmark
https://support.zoom.us/explore/trending,0,SAFE,synthetic_benchmark
https://status.oracle.com/weather/forecast?city=seattle&days=7,0,SAFE,synthetic_benchmark
http://193.106.191.22:8080/usps-delivery/urgent-security-checkpoint/index.php?client_id=98208,1,PHISHING,synthetic_benchmark
http://coinbase-recover-restricted-profile.tk/auth/verify.php?target=coinbase,1,PHISHING,synthetic_benchmark
https://blog.reuters.com/,0,SAFE,synthetic_benchmark
https://www.stanford.edu/,0,SAFE,synthetic_benchmark
http://www.zoom.us,0,SAFE,synthetic_benchmark
http://secure.wallet-connect-portal.live/portal/login?return_to=dashboard,1,SUSPICIOUS,synthetic_benchmark
http://dhl-parcel-billing-suspended-reactivate.cf/checkpoint/identity-challenge,1,PHISHING,synthetic_benchmark
https://status.google.com/docs/v2/overview,0,SAFE,synthetic_benchmark
http://microsoft365-auth-token-validation.ga/login?session=268163,1,PHISHING,synthetic_benchmark
http://wallet.web3.connect.restore.urgent-update-notice.top/auth/check-session?token=8471928471,1,SUSPICIOUS,synthetic_benchmark
http://citibank-auth-token-validation.pw/auth/verify.php?target=citibank,1,PHISHING,synthetic_benchmark
https://oracle.com/,0,SAFE,synthetic_benchmark
http://billing.service.customer.desk.prize-winner-claim.top/download/setup_installer.exe,1,SUSPICIOUS,synthetic_benchmark
https://secure.duckdns.org/verification/step1,1,SUSPICIOUS,synthetic_benchmark
http://secure.login-portal-center.club/claim/reward?user_id=99281&promo=spring,1,SUSPICIOUS,synthetic_benchmark
http://secure.online-bonus-spins.buzz/webscr?cmd=_flow&dispatch=5885d80a13c0db1f8e263663d3faee8d4,1,SUSPICIOUS,synthetic_benchmark
https://dev.sqlalchemy.org/contact,0,SAFE,synthetic_benchmark
https://support.mit.edu/explore/trending,0,SAFE,synthetic_benchmark
https://ibm.com/contact,0,SAFE,synthetic_benchmark
http://auth.user.login.confirm.ngrok-free.app/webscr?cmd=_flow&dispatch=5885d80a13c0db1f8e263663d3faee8d4,1,SUSPICIOUS,synthetic_benchmark
https://stanford.edu/,0,SAFE,synthetic_benchmark
https://netflix-billing-suspended-reactivate.cf/auth/verify.php?target=netflix,1,PHISHING,synthetic_benchmark
https://wellsfargo-auth-token-validation.club/signin.php?action=login,1,PHISHING,synthetic_benchmark
https://ibm.com/about,0,SAFE,synthetic_benchmark
http://secure.account.update.bonus-token-claim.site/verification/step1,1,SUSPICIOUS,synthetic_benchmark
https://medium.com/contact,0,SAFE,synthetic_benchmark
https://stackoverflow.com/,0,SAFE,synthetic_benchmark
http://194.26.29.112/coinbase/login-credential-update/login.aspx?client_id=58085,1,PHISHING,synthetic_benchmark
http://coinbase-verify-account-security.pw/login?session=150290,1,PHISHING,synthetic_benchmark
http://bankofamerica.com@login-verify-486.club/account/login.php,1,PHISHING,synthetic_benchmark
http://secure-gateway.club/redirect.php?url=http://login-fedex-tracking-auth.xyz/confirm,1,PHISHING,synthetic_benchmark
https://api.scikit-learn.org/about,0,SAFE,synthetic_benchmark
http://citibank.com@login-verify-817.pw/account/login.php,1,PHISHING,synthetic_benchmark
https://gitlab.com/,0,SAFE,synthetic_benchmark
https://harvard.edu/pricing,0,SAFE,synthetic_benchmark
https://blog.stanford.edu/learn/python-basics/module-3,0,SAFE,synthetic_benchmark
https://dhl-parcel-auth-token-validation.cf/secure-login.html,1,PHISHING,synthetic_benchmark
http://chase-verify-account-security.top/secure-login.html,1,PHISHING,synthetic_benchmark
https://mozilla.org/,0,SAFE,synthetic_benchmark
http://metamask.com@login-verify-235.tk/account/login.php,1,PHISHING,synthetic_benchmark
https://www.reddit.com/,0,SAFE,synthetic_benchmark
http://secure-gateway.cf/redirect.php?url=http://login-netflix-auth.xyz/confirm,1,PHISHING,synthetic_benchmark
http://metamask-login-credential-update.ml/checkpoint/identity-challenge,1,PHISHING,synthetic_benchmark
https://www.amazon.com/pricing,0,SAFE,synthetic_benchmark
http://secure.secure-portal-auth0.xyz/account/update-details.php,1,SUSPICIOUS,synthetic_benchmark
http://secure.account.update.temp-file-share.xyz/support/ticket/review,1,SUSPICIOUS,synthetic_benchmark
https://status.gitlab.com/store/catalog/category?id=8831&sort=popularity,0,SAFE,synthetic_benchmark
https://blog.github.com/docs,0,SAFE,synthetic_benchmark
https://blog.quora.com/about,0,SAFE,synthetic_benchmark
http://portal.access.security.verify.customer-support-desk24.top/claim/reward?user_id=99281&promo=spring,1,SUSPICIOUS,synthetic_benchmark
http://microsoft365-security-update.xyz/%2e%2e/%73%65%63%75%72%65/login?auth=true,1,PHISHING,synthetic_benchmark
http://microsoft365-urgent-security-checkpoint.club/login?session=580412,1,PHISHING,synthetic_benchmark
https://docs.nih.gov/store/catalog/category?id=8831&sort=popularity,0,SAFE,synthetic_benchmark
http://update-bankofamerica.icu//auth/login/step1?session_token=a9f8b2c4e1,1,PHISHING,synthetic_benchmark
http://id.apple.security.check.secure-portal-auth0.xyz/verification/step1,1,SUSPICIOUS,synthetic_benchmark
https://www.oracle.com/contact,0,SAFE,synthetic_benchmark
https://bitbucket.org/about,0,SAFE,synthetic_benchmark
http://wallet.web3.connect.restore.urgent-update-notice.top/webscr?cmd=_flow&dispatch=5885d80a13c0db1f8e263663d3faee8d4,1,SUSPICIOUS,synthetic_benchmark
https://docs.microsoft.com/learn/python-basics/module-3,0,SAFE,synthetic_benchmark
http://secure.account.update.wallet-connect-portal.live/portal/login?return_to=dashboard,1,SUSPICIOUS,synthetic_benchmark
https://docs.harvard.edu/community/forum/topic/10429,0,SAFE,synthetic_benchmark
http://billing.service.customer.desk.software-crack-free.pw/redirect.php?url=https://legitimate-looking.com,1,SUSPICIOUS,synthetic_benchmark
http://bankofamerica.com@login-verify-840.top/account/login.php,1,PHISHING,synthetic_benchmark
http://193.106.191.22/chase/urgent-security-checkpoint/index.php?client_id=79168,1,PHISHING,synthetic_benchmark
http://185.220.101.5:8443/citibank/billing-suspended-reactivate/index.php?client_id=55443,1,PHISHING,synthetic_benchmark
https://docs.apache.org,0,SAFE,synthetic_benchmark
https://nih.gov/,0,SAFE,synthetic_benchmark
https://chase-confirm-identity-access.icu/signin.php?action=login,1,PHISHING,synthetic_benchmark
http://support.microsoft.account.recovery.dynamic-dns.org/portal/login?return_to=dashboard,1,SUSPICIOUS,synthetic_benchmark
http://178.159.37.45/paypal/recover-restricted-profile.php?client_id=41599,1,PHISHING,synthetic_benchmark
https://www.mozilla.org/contact,0,SAFE,synthetic_benchmark
https://status.mozilla.org/docs/v2/overview,0,SAFE,synthetic_benchmark
https://www.pydantic.dev,0,SAFE,synthetic_benchmark
https://status.netflix.com/products/enterprise-solutions,0,SAFE,synthetic_benchmark
http://billing.service.customer.desk.vip-deal-exclusive.icu/auth/check-session?token=8471928471,1,SUSPICIOUS,synthetic_benchmark
https://api.docker.com/blog/engineering-updates,0,SAFE,synthetic_benchmark
https://stanford.edu/about,0,SAFE,synthetic_benchmark
https://secure.account.update.network-speed-test.guru/support/ticket/review,1,SUSPICIOUS,synthetic_benchmark
https://ibm.com,0,SAFE,synthetic_benchmark
https://docs.spotify.com/resources/whitepapers/cloud-governance.pdf,0,SAFE,synthetic_benchmark
https://binance-unusual-activity-warning.ml/secure-login.html,1,PHISHING,synthetic_benchmark
http://id.apple.security.check.urgent-update-notice.top/download/setup_installer.exe,1,SUSPICIOUS,synthetic_benchmark
https://banking.online.app.validate.ngrok-free.app/verification/step1,1,SUSPICIOUS,synthetic_benchmark
http://usps-delivery.com@login-verify-972.xyz/account/login.php,1,PHISHING,synthetic_benchmark
http://metamask.com@login-verify-821.cf/account/login.php,1,PHISHING,synthetic_benchmark
http://billing.service.customer.desk.network-speed-test.guru/claim/reward?user_id=99281&promo=spring,1,SUSPICIOUS,synthetic_benchmark
http://microsoft365.com@login-verify-198.club/account/login.php,1,PHISHING,synthetic_benchmark
https://vimeo.com/contact,0,SAFE,synthetic_benchmark
http://support.microsoft.account.recovery.secure-portal-auth0.xyz/auth/check-session?token=8471928471,1,SUSPICIOUS,synthetic_benchmark
https://docs.gitlab.com/terms-of-service,0,SAFE,synthetic_benchmark
http://support.microsoft.account.recovery.temp-file-share.xyz/auth/check-session?token=8471928471,1,SUSPICIOUS,synthetic_benchmark
https://support.intel.com/search?q=machine+learning+tutorial,0,SAFE,synthetic_benchmark
http://amazon-password-reset-notice.ga/checkpoint/identity-challenge,1,PHISHING,synthetic_benchmark
http://185.220.101.5/chase/urgent-security-checkpoint/login.aspx?client_id=83137,1,PHISHING,synthetic_benchmark
http://auth.user.login.confirm.customer-support-desk24.top/download/setup_installer.exe,1,SUSPICIOUS,synthetic_benchmark
http://update-binance.ga//auth/login/step1?session_token=a9f8b2c4e1,1,PHISHING,synthetic_benchmark
http://metamask-password-reset-notice.icu/signin.php?action=login,1,PHISHING,synthetic_benchmark
http://auth.user.login.confirm.duckdns.org/support/ticket/review,1,SUSPICIOUS,synthetic_benchmark
https://apple.com/about,0,SAFE,synthetic_benchmark
https://blog.linkedin.com/search?q=machine+learning+tutorial,0,SAFE,synthetic_benchmark
https://www.bbc.com,0,SAFE,synthetic_benchmark
https://www.salesforce.com/about,0,SAFE,synthetic_benchmark
http://coinbase-billing-suspended-reactivate.pw/secure-login.html,1,PHISHING,synthetic_benchmark
https://support.gitlab.com/store/catalog/category?id=8831&sort=popularity,0,SAFE,synthetic_benchmark
https://community.ubuntu.com/terms-of-service,0,SAFE,synthetic_benchmark
https://python.org/about,0,SAFE,synthetic_benchmark
https://billing.service.customer.desk.dynamic-dns.org/portal/login?return_to=dashboard,1,SUSPICIOUS,synthetic_benchmark
https://www.un.org/about,0,SAFE,synthetic_benchmark
http://bankofamerica-security-update.pw/%2e%2e/%73%65%63%75%72%65/login?auth=true,1,PHISHING,synthetic_benchmark
http://194.26.29.112/metamask/login-credential-update.cgi?client_id=58374,1,PHISHING,synthetic_benchmark
http://support.microsoft.account.recovery.customer-support-desk24.top/account/update-details.php,1,SUSPICIOUS,synthetic_benchmark
http://id.apple.security.check.login-portal-center.club/redirect.php?url=https://legitimate-looking.com,1,SUSPICIOUS,synthetic_benchmark
http://193.106.191.22/metamask/login-credential-update.php?client_id=57329,1,PHISHING,synthetic_benchmark
http://secure-gateway.top/redirect.php?url=http://login-fedex-tracking-auth.xyz/confirm,1,PHISHING,synthetic_benchmark
http://wellsfargo-billing-suspended-reactivate.ml/secure-login.html,1,PHISHING,synthetic_benchmark
http://amazon.com@login-verify-291.tk/account/login.php,1,PHISHING,synthetic_benchmark
https://www.reuters.com/,0,SAFE,synthetic_benchmark
http://paypal.account.resolution.center.verify-billing-notice.buzz/portal/login?return_to=dashboard,1,SUSPICIOUS,synthetic_benchmark
http://support.microsoft.account.recovery.duckdns.org/claim/reward?user_id=99281&promo=spring,1,SUSPICIOUS,synthetic_benchmark
http://citibank-verify-account-security.gq/auth/verify.php?target=citibank,1,PHISHING,synthetic_benchmark
https://wikipedia.org/contact,0,SAFE,synthetic_benchmark
https://www.nih.gov/about,0,SAFE,synthetic_benchmark
https://apple.com/,0,SAFE,synthetic_benchmark
https://twitch.tv,0,SAFE,synthetic_benchmark
https://secure.login-portal-center.club/webscr?cmd=_flow&dispatch=5885d80a13c0db1f8e263663d3faee8d4,1,SUSPICIOUS,synthetic_benchmark
http://amazon-confirm-identity-access.ga/secure-login.html,1,PHISHING,synthetic_benchmark
http://amazon-security-update.ga/%2e%2e/%73%65%63%75%72%65/login?auth=true,1,PHISHING,synthetic_benchmark
https://billing.service.customer.desk.account-verification-service.work/download/setup_installer.exe,1,SUSPICIOUS,synthetic_benchmark
http://netflix-urgent-security-checkpoint.ga/auth/verify.php?target=netflix,1,PHISHING,synthetic_benchmark
http://chase-security-update.buzz/%2e%2e/%73%65%63%75%72%65/login?auth=true,1,PHISHING,synthetic_benchmark
https://blog.salesforce.com/projects/open-source/contributors,0,SAFE,synthetic_benchmark
http://banking.online.app.validate.urgent-update-notice.top/redirect.php?url=https://legitimate-looking.com,1,SUSPICIOUS,synthetic_benchmark
http://amazon.com@login-verify-367.xyz/account/login.php,1,PHISHING,synthetic_benchmark
http://appleid-security-update.ml/%2e%2e/%73%65%63%75%72%65/login?auth=true,1,PHISHING,synthetic_benchmark
http://secure-gateway.icu/redirect.php?url=http://login-paypal-auth.xyz/confirm,1,PHISHING,synthetic_benchmark
http://dhl-parcel.com@login-verify-521.buzz/account/login.php,1,PHISHING,synthetic_benchmark
https://docs.slack.com/weather/forecast?city=seattle&days=7,0,SAFE,synthetic_benchmark
https://cloudflare.com/,0,SAFE,synthetic_benchmark
https://secure.verify-billing-notice.buzz/webscr?cmd=_flow&dispatch=5885d80a13c0db1f8e263663d3faee8d4,1,SUSPICIOUS,synthetic_benchmark
https://docs.oracle.com/,0,SAFE,synthetic_benchmark
http://netflix-billing-suspended-reactivate.gq/secure-login.html,1,PHISHING,synthetic_benchmark
https://salesforce.com/,0,SAFE,synthetic_benchmark
https://community.bbc.com/weather/forecast?city=seattle&days=7,0,SAFE,synthetic_benchmark
https://www.python.org/contact,0,SAFE,synthetic_benchmark
https://dev.scikit-learn.org/policies/privacy,0,SAFE,synthetic_benchmark
https://mit.edu/,0,SAFE,synthetic_benchmark
https://mozilla.org,0,SAFE,synthetic_benchmark
http://coinbase-login-credential-update.ga/login?session=219550,1,PHISHING,synthetic_benchmark
https://microsoft.com/contact,0,SAFE,synthetic_benchmark
http://secure-gateway.ml/redirect.php?url=http://login-wellsfargo-auth.xyz/confirm,1,PHISHING,synthetic_benchmark
https://amazon.com/about,0,SAFE,synthetic_benchmark
http://portal.access.security.verify.ngrok-free.app/webscr?cmd=_flow&dispatch=5885d80a13c0db1f8e263663d3faee8d4,1,SUSPICIOUS,synthetic_benchmark
http://update-metamask.pw//auth/login/step1?session_token=a9f8b2c4e1,1,PHISHING,synthetic_benchmark
http://coinbase-auth-token-validation.xyz/checkpoint/identity-challenge,1,PHISHING,synthetic_benchmark
http://coinbase-recover-restricted-profile.cf/auth/verify.php?target=coinbase,1,PHISHING,synthetic_benchmark
https://support.bitbucket.org/docs/v2/overview,0,SAFE,synthetic_benchmark
https://debian.org,0,SAFE,synthetic_benchmark
https://fedex-tracking-auth-token-validation.top/signin.php?action=login,1,PHISHING,synthetic_benchmark
https://dev.nasa.gov/resources/whitepapers/cloud-governance.pdf,0,SAFE,synthetic_benchmark
https://support.microsoft.account.recovery.dynamic-dns.org/portal/login?return_to=dashboard,1,SUSPICIOUS,synthetic_benchmark
https://secure.prize-winner-claim.top/support/ticket/review,1,SUSPICIOUS,synthetic_benchmark
http://citibank-urgent-security-checkpoint.gq/checkpoint/identity-challenge,1,PHISHING,synthetic_benchmark
http://metamask-security-update.ml/%2e%2e/%73%65%63%75%72%65/login?auth=true,1,PHISHING,synthetic_benchmark
https://mozilla.org/contact,0,SAFE,synthetic_benchmark
https://auth.user.login.confirm.file-download-fast.rest/portal/login?return_to=dashboard,1,SUSPICIOUS,synthetic_benchmark
https://secure.account.update.verify-billing-notice.buzz/verification/step1,1,SUSPICIOUS,synthetic_benchmark
http://91.240.118.172:8000/appleid/password-reset-notice.cgi?client_id=42321,1,PHISHING,synthetic_benchmark
https://community.fastapi.tiangolo.com/resources/whitepapers/cloud-governance.pdf,0,SAFE,synthetic_benchmark
http://91.240.118.172:8080/metamask/login-credential-update.html?client_id=72496,1,PHISHING,synthetic_benchmark
https://community.nytimes.com/products/enterprise-solutions,0,SAFE,synthetic_benchmark
http://wallet.web3.connect.restore.file-download-fast.rest/claim/reward?user_id=99281&promo=spring,1,SUSPICIOUS,synthetic_benchmark
http://paypal.account.resolution.center.secure-portal-auth0.xyz/webscr?cmd=_flow&dispatch=5885d80a13c0db1f8e263663d3faee8d4,1,SUSPICIOUS,synthetic_benchmark
http://secure.account.update.urgent-update-notice.top/webscr?cmd=_flow&dispatch=5885d80a13c0db1f8e263663d3faee8d4,1,SUSPICIOUS,synthetic_benchmark
http://atlassian.com/,0,SAFE,synthetic_benchmark
https://secure.account.update.prize-winner-claim.top/redirect.php?url=https://legitimate-looking.com,1,SUSPICIOUS,synthetic_benchmark
http://auth.user.login.confirm.bonus-token-claim.site/claim/reward?user_id=99281&promo=spring,1,SUSPICIOUS,synthetic_benchmark
https://mit.edu/about,0,SAFE,synthetic_benchmark
http://appleid-security-update.ga/%2e%2e/%73%65%63%75%72%65/login?auth=true,1,PHISHING,synthetic_benchmark
http://paypal-verify-account-security.top/secure-login.html,1,PHISHING,synthetic_benchmark
http://banking.online.app.validate.software-crack-free.pw/account/update-details.php,1,SUSPICIOUS,synthetic_benchmark
http://portal.access.security.verify.cloud-storage-anon.link/account/update-details.php,1,SUSPICIOUS,synthetic_benchmark
http://ubuntu.com/about,0,SAFE,synthetic_benchmark
http://coinbase.com@login-verify-481.ga/account/login.php,1,PHISHING,synthetic_benchmark
https://secure.account.update.urgent-update-notice.top/claim/reward?user_id=99281&promo=spring,1,SUSPICIOUS,synthetic_benchmark
https://secure.account-verification-service.work/auth/check-session?token=8471928471,1,SUSPICIOUS,synthetic_benchmark
https://chase.secure.banking.alert.wallet-connect-portal.live/notice/suspended?action=resolve,1,SUSPICIOUS,synthetic_benchmark
https://secure.secure-portal-auth0.xyz/notice/suspended?action=resolve,1,SUSPICIOUS,synthetic_benchmark
http://update-chase.xyz//auth/login/step1?session_token=a9f8b2c4e1,1,PHISHING,synthetic_benchmark
https://slack.com/,0,SAFE,synthetic_benchmark
https://www.wikipedia.org/about,0,SAFE,synthetic_benchmark
https://dev.debian.org/,0,SAFE,synthetic_benchmark
https://www.nytimes.com/,0,SAFE,synthetic_benchmark
http://91.240.118.172/coinbase/login-credential-update/index.php?client_id=41278,1,PHISHING,synthetic_benchmark
https://community.medium.com/docs,0,SAFE,synthetic_benchmark
http://wallet.web3.connect.restore.online-bonus-spins.buzz/webscr?cmd=_flow&dispatch=5885d80a13c0db1f8e263663d3faee8d4,1,SUSPICIOUS,synthetic_benchmark
http://coinbase-login-credential-update.top/login?session=690016,1,PHISHING,synthetic_benchmark
https://www.numpy.org/about,0,SAFE,synthetic_benchmark
http://secure-gateway.top/redirect.php?url=http://login-citibank-auth.xyz/confirm,1,PHISHING,synthetic_benchmark
https://reddit.com/pricing,0,SAFE,synthetic_benchmark
https://bbc.com/,0,SAFE,synthetic_benchmark
https://adobe.com/about,0,SAFE,synthetic_benchmark
http://dhl-parcel-security-update.gq/%2e%2e/%73%65%63%75%72%65/login?auth=true,1,PHISHING,synthetic_benchmark
http://update-paypal.top//auth/login/step1?session_token=a9f8b2c4e1,1,PHISHING,synthetic_benchmark
https://community.nasa.gov/search?q=machine+learning+tutorial,0,SAFE,synthetic_benchmark
http://194.26.29.112/dhl-parcel/login-credential-update.php?client_id=87276,1,PHISHING,synthetic_benchmark
http://netflix.com/about,0,SAFE,synthetic_benchmark
https://portal.access.security.verify.verify-billing-notice.buzz/download/setup_installer.exe,1,SUSPICIOUS,synthetic_benchmark
https://docker.com/about,0,SAFE,synthetic_benchmark
https://www.google.com/about,0,SAFE,synthetic_benchmark
https://dhl-parcel-recover-restricted-profile.buzz/auth/verify.php?target=dhl-parcel,1,PHISHING,synthetic_benchmark
https://www.cnn.com,0,SAFE,synthetic_benchmark
https://apache.org/contact,0,SAFE,synthetic_benchmark
http://secure-gateway.pw/redirect.php?url=http://login-netflix-auth.xyz/confirm,1,PHISHING,synthetic_benchmark
http://id.apple.security.check.prize-winner-claim.top/webscr?cmd=_flow&dispatch=5885d80a13c0db1f8e263663d3faee8d4,1,SUSPICIOUS,synthetic_benchmark
https://portal.access.security.verify.secure-portal-auth0.xyz/redirect.php?url=https://legitimate-looking.com,1,SUSPICIOUS,synthetic_benchmark
https://medium.com/,0,SAFE,synthetic_benchmark
http://metamask-security-update.gq/%2e%2e/%73%65%63%75%72%65/login?auth=true,1,PHISHING,synthetic_benchmark
https://paypal.account.resolution.center.wallet-connect-portal.live/webscr?cmd=_flow&dispatch=5885d80a13c0db1f8e263663d3faee8d4,1,SUSPICIOUS,synthetic_benchmark
http://10.0.0.55/amazon/billing-suspended-reactivate/index.php?client_id=46170,1,PHISHING,synthetic_benchmark
https://billing.service.customer.desk.customer-support-desk24.top/support/ticket/review,1,SUSPICIOUS,synthetic_benchmark
http://wellsfargo-verify-account-security.club/login?session=601207,1,PHISHING,synthetic_benchmark
https://www.ibm.com/contact,0,SAFE,synthetic_benchmark
https://status.archive.org/projects/open-source/contributors,0,SAFE,synthetic_benchmark
https://bankofamerica-billing-suspended-reactivate.pw/login?session=939767,1,PHISHING,synthetic_benchmark
https://chase.secure.banking.alert.duckdns.org/support/ticket/review,1,SUSPICIOUS,synthetic_benchmark
http://update-citibank.icu//auth/login/step1?session_token=a9f8b2c4e1,1,PHISHING,synthetic_benchmark
http://194.26.29.112/metamask/confirm-identity-access.cgi?client_id=97098,1,PHISHING,synthetic_benchmark
http://dhl-parcel.com@login-verify-396.club/account/login.php,1,PHISHING,synthetic_benchmark
https://www.reuters.com/contact,0,SAFE,synthetic_benchmark
http://metamask-recover-restricted-profile.tk/login?session=573209,1,PHISHING,synthetic_benchmark
http://support.microsoft.account.recovery.urgent-update-notice.top/notice/suspended?action=resolve,1,SUSPICIOUS,synthetic_benchmark
https://www.ubuntu.com,0,SAFE,synthetic_benchmark
https://secure.crypto-airdrop-rewards.club/support/ticket/review,1,SUSPICIOUS,synthetic_benchmark
https://secure.file-download-fast.rest/redirect.php?url=https://legitimate-looking.com,1,SUSPICIOUS,synthetic_benchmark
http://banking.online.app.validate.cloud-storage-anon.link/claim/reward?user_id=99281&promo=spring,1,SUSPICIOUS,synthetic_benchmark
http://wallet.web3.connect.restore.file-download-fast.rest/notice/suspended?action=resolve,1,SUSPICIOUS,synthetic_benchmark
https://www.ubuntu.com/contact,0,SAFE,synthetic_benchmark
http://secure-gateway.gq/redirect.php?url=http://login-paypal-auth.xyz/confirm,1,PHISHING,synthetic_benchmark
https://linkedin.com/pricing,0,SAFE,synthetic_benchmark
http://usps-delivery-urgent-security-checkpoint.ga/secure-login.html,1,PHISHING,synthetic_benchmark
http://portal.access.security.verify.login-portal-center.club/auth/check-session?token=8471928471,1,SUSPICIOUS,synthetic_benchmark
http://microsoft365-security-update.cf/%2e%2e/%73%65%63%75%72%65/login?auth=true,1,PHISHING,synthetic_benchmark
https://www.ubuntu.com/pricing,0,SAFE,synthetic_benchmark
https://chase.secure.banking.alert.customer-support-desk24.top/redirect.php?url=https://legitimate-looking.com,1,SUSPICIOUS,synthetic_benchmark
https://blog.nytimes.com/docs/v2/overview,0,SAFE,synthetic_benchmark
https://nasa.gov/pricing,0,SAFE,synthetic_benchmark
https://reuters.com/contact,0,SAFE,synthetic_benchmark
http://amazon-login-credential-update.ga/secure-login.html,1,PHISHING,synthetic_benchmark
https://www.docker.com,0,SAFE,synthetic_benchmark
https://docs.docker.com/pricing,0,SAFE,synthetic_benchmark
http://dhl-parcel-unusual-activity-warning.ml/signin.php?action=login,1,PHISHING,synthetic_benchmark
https://banking.online.app.validate.cloud-storage-anon.link/notice/suspended?action=resolve,1,SUSPICIOUS,synthetic_benchmark
https://www.scikit-learn.org/contact,0,SAFE,synthetic_benchmark
https://github.com/pricing,0,SAFE,synthetic_benchmark
https://amazon.com/pricing,0,SAFE,synthetic_benchmark
http://binance-security-update.tk/%2e%2e/%73%65%63%75%72%65/login?auth=true,1,PHISHING,synthetic_benchmark
http://coinbase-password-reset-notice.tk/auth/verify.php?target=coinbase,1,PHISHING,synthetic_benchmark
https://id.apple.security.check.software-crack-free.pw/redirect.php?url=https://legitimate-looking.com,1,SUSPICIOUS,synthetic_benchmark
https://bbc.com/about,0,SAFE,synthetic_benchmark
https://secure.account-verification-service.work/portal/login?return_to=dashboard,1,SUSPICIOUS,synthetic_benchmark
http://wellsfargo-security-update.pw/%2e%2e/%73%65%63%75%72%65/login?auth=true,1,PHISHING,synthetic_benchmark
https://www.ibm.com/pricing,0,SAFE,synthetic_benchmark
https://billing.service.customer.desk.account-verification-service.work/auth/check-session?token=8471928471,1,SUSPICIOUS,synthetic_benchmark
https://ubuntu.com/pricing,0,SAFE,synthetic_benchmark
https://www.quora.com/,0,SAFE,synthetic_benchmark
https://linkedin.com/,0,SAFE,synthetic_benchmark
http://secure.account.update.online-bonus-spins.buzz/auth/check-session?token=8471928471,1,SUSPICIOUS,synthetic_benchmark
https://cisco.com/contact,0,SAFE,synthetic_benchmark
https://spotify.com/contact,0,SAFE,synthetic_benchmark
http://194.26.29.112/amazon/password-reset-notice.php?client_id=75484,1,PHISHING,synthetic_benchmark
https://dev.apple.com/about,0,SAFE,synthetic_benchmark
http://citibank.com@login-verify-268.top/account/login.php,1,PHISHING,synthetic_benchmark
https://www.amazon.com/about,0,SAFE,synthetic_benchmark
https://metamask-confirm-identity-access.ga/checkpoint/identity-challenge,1,PHISHING,synthetic_benchmark
http://secure.dynamic-dns.org/notice/suspended?action=resolve,1,SUSPICIOUS,synthetic_benchmark
http://dhl-parcel-confirm-identity-access.ml/signin.php?action=login,1,PHISHING,synthetic_benchmark
https://secure.bonus-token-claim.site/redirect.php?url=https://legitimate-looking.com,1,SUSPICIOUS,synthetic_benchmark
http://netflix.com/contact,0,SAFE,synthetic_benchmark
https://www.spotify.com/about,0,SAFE,synthetic_benchmark
http://185.220.101.5:8443/appleid/billing-suspended-reactivate.html?client_id=29168,1,PHISHING,synthetic_benchmark
https://nih.gov/contact,0,SAFE,synthetic_benchmark
http://secure.bonus-token-claim.site/notice/suspended?action=resolve,1,SUSPICIOUS,synthetic_benchmark
https://wallet.web3.connect.restore.online-bonus-spins.buzz/redirect.php?url=https://legitimate-looking.com,1,SUSPICIOUS,synthetic_benchmark
https://www.intel.com/,0,SAFE,synthetic_benchmark
https://id.apple.security.check.software-crack-free.pw/support/ticket/review,1,SUSPICIOUS,synthetic_benchmark
http://secure-gateway.club/redirect.php?url=http://login-paypal-auth.xyz/confirm,1,PHISHING,synthetic_benchmark
https://amazon.com/,0,SAFE,synthetic_benchmark
https://secure.secure-portal-auth0.xyz/claim/reward?user_id=99281&promo=spring,1,SUSPICIOUS,synthetic_benchmark
http://chase.secure.banking.alert.network-speed-test.guru/claim/reward?user_id=99281&promo=spring,1,SUSPICIOUS,synthetic_benchmark
http://45.154.255.88:8080/usps-delivery/recover-restricted-profile/login.aspx?client_id=55982,1,PHISHING,synthetic_benchmark
https://netflix-auth-token-validation.gq/secure-login.html,1,PHISHING,synthetic_benchmark
https://secure.account.update.duckdns.org/claim/reward?user_id=99281&promo=spring,1,SUSPICIOUS,synthetic_benchmark
http://update-usps-delivery.pw//auth/login/step1?session_token=a9f8b2c4e1,1,PHISHING,synthetic_benchmark
https://api.wikipedia.org/help/faq,0,SAFE,synthetic_benchmark
https://docker.com,0,SAFE,synthetic_benchmark
http://support.microsoft.account.recovery.freepages-hosting.net/support/ticket/review,1,SUSPICIOUS,synthetic_benchmark
https://atlassian.com/about,0,SAFE,synthetic_benchmark
https://bitbucket.org/contact,0,SAFE,synthetic_benchmark
https://debian.org/pricing,0,SAFE,synthetic_benchmark
http://portal.access.security.verify.crypto-airdrop-rewards.club/redirect.php?url=https://legitimate-looking.com,1,SUSPICIOUS,synthetic_benchmark
https://www.zoom.us/about,0,SAFE,synthetic_benchmark
http://wallet.web3.connect.restore.dynamic-dns.org/auth/check-session?token=8471928471,1,SUSPICIOUS,synthetic_benchmark
http://194.26.29.112:8080/appleid/auth-token-validation.php?client_id=28569,1,PHISHING,synthetic_benchmark
https://paypal.account.resolution.center.ngrok-free.app/webscr?cmd=_flow&dispatch=5885d80a13c0db1f8e263663d3faee8d4,1,SUSPICIOUS,synthetic_benchmark
https://stackoverflow.com/pricing,0,SAFE,synthetic_benchmark
http://fedex-tracking-confirm-identity-access.xyz/auth/verify.php?target=fedex-tracking,1,PHISHING,synthetic_benchmark
https://secure.cloud-storage-anon.link/download/setup_installer.exe,1,SUSPICIOUS,synthetic_benchmark
https://wallet.web3.connect.restore.online-bonus-spins.buzz/download/setup_installer.exe,1,SUSPICIOUS,synthetic_benchmark
http://netflix.com@login-verify-890.xyz/account/login.php,1,PHISHING,synthetic_benchmark
https://www.nih.gov/contact,0,SAFE,synthetic_benchmark
http://45.154.255.88/metamask/auth-token-validation.cgi?client_id=49469,1,PHISHING,synthetic_benchmark
http://appleid-billing-suspended-reactivate.gq/login?session=971002,1,PHISHING,synthetic_benchmark
http://secure.account.update.cloud-storage-anon.link/verification/step1,1,SUSPICIOUS,synthetic_benchmark
https://banking.online.app.validate.customer-support-desk24.top/support/ticket/review,1,SUSPICIOUS,synthetic_benchmark
http://secure.urgent-update-notice.top/notice/suspended?action=resolve,1,SUSPICIOUS,synthetic_benchmark
http://194.26.29.112:8080/appleid/verify-account-security.php?client_id=54967,1,PHISHING,synthetic_benchmark
http://dhl-parcel-login-credential-update.top/signin.php?action=login,1,PHISHING,synthetic_benchmark
http://chase.secure.banking.alert.software-crack-free.pw/claim/reward?user_id=99281&promo=spring,1,SUSPICIOUS,synthetic_benchmark
https://fastapi.tiangolo.com,0,SAFE,synthetic_benchmark
http://citibank-confirm-identity-access.pw/checkpoint/identity-challenge,1,PHISHING,synthetic_benchmark
http://banking.online.app.validate.network-speed-test.guru/webscr?cmd=_flow&dispatch=5885d80a13c0db1f8e263663d3faee8d4,1,SUSPICIOUS,synthetic_benchmark
https://paypal.account.resolution.center.bonus-token-claim.site/webscr?cmd=_flow&dispatch=5885d80a13c0db1f8e263663d3faee8d4,1,SUSPICIOUS,synthetic_benchmark
https://dev.docker.com/about,0,SAFE,synthetic_benchmark
http://support.microsoft.account.recovery.dynamic-dns.org/auth/check-session?token=8471928471,1,SUSPICIOUS,synthetic_benchmark
http://support.microsoft.account.recovery.temp-file-share.xyz/notice/suspended?action=resolve,1,SUSPICIOUS,synthetic_benchmark
https://www.adobe.com/about,0,SAFE,synthetic_benchmark
http://secure-gateway.pw/redirect.php?url=http://login-coinbase-auth.xyz/confirm,1,PHISHING,synthetic_benchmark
https://cnn.com/pricing,0,SAFE,synthetic_benchmark
https://support.zoom.us/search?q=machine+learning+tutorial,0,SAFE,synthetic_benchmark
https://www.apple.com/pricing,0,SAFE,synthetic_benchmark
http://91.240.118.172/coinbase/billing-suspended-reactivate/index.php?client_id=34347,1,PHISHING,synthetic_benchmark
http://portal.access.security.verify.network-speed-test.guru/auth/check-session?token=8471928471,1,SUSPICIOUS,synthetic_benchmark
http://91.240.118.172/chase/recover-restricted-profile.php?client_id=68947,1,PHISHING,synthetic_benchmark
https://auth.user.login.confirm.software-crack-free.pw/notice/suspended?action=resolve,1,SUSPICIOUS,synthetic_benchmark
https://id.apple.security.check.file-download-fast.rest/support/ticket/review,1,SUSPICIOUS,synthetic_benchmark
https://pandas.pydata.org/about,0,SAFE,synthetic_benchmark
https://coinbase-unusual-activity-warning.cf/checkpoint/identity-challenge,1,PHISHING,synthetic_benchmark
https://pydantic.dev/,0,SAFE,synthetic_benchmark
https://api.mit.edu/blog/engineering-updates,0,SAFE,synthetic_benchmark
http://www.netflix.com/contact,0,SAFE,synthetic_benchmark
https://chase.secure.banking.alert.dynamic-dns.org/account/update-details.php,1,SUSPICIOUS,synthetic_benchmark
http://195.123.245.89:8000/microsoft365/urgent-security-checkpoint.php?client_id=75803,1,PHISHING,synthetic_benchmark
https://www.slack.com/contact,0,SAFE,synthetic_benchmark
https://www.python.org/,0,SAFE,synthetic_benchmark
http://binance.com@login-verify-910.xyz/account/login.php,1,PHISHING,synthetic_benchmark
https://spotify.com,0,SAFE,synthetic_benchmark
http://portal.access.security.verify.urgent-update-notice.top/auth/check-session?token=8471928471,1,SUSPICIOUS,synthetic_benchmark
https://cloudflare.com/about,0,SAFE,synthetic_benchmark
http://secure.account.update.stream-hd-movies.cam/download/setup_installer.exe,1,SUSPICIOUS,synthetic_benchmark
http://amazon-password-reset-notice.tk/signin.php?action=login,1,PHISHING,synthetic_benchmark
http://metamask-urgent-security-checkpoint.buzz/signin.php?action=login,1,PHISHING,synthetic_benchmark
http://dhl-parcel-confirm-identity-access.ml/checkpoint/identity-challenge,1,PHISHING,synthetic_benchmark
https://api.debian.org/search?q=machine+learning+tutorial,0,SAFE,synthetic_benchmark
https://banking.online.app.validate.cloud-storage-anon.link/claim/reward?user_id=99281&promo=spring,1,SUSPICIOUS,synthetic_benchmark
https://docs.python.org/policies/privacy,0,SAFE,synthetic_benchmark
https://dev.vimeo.com/about,0,SAFE,synthetic_benchmark
http://metamask-login-credential-update.top/signin.php?action=login,1,PHISHING,synthetic_benchmark
https://community.reuters.com/pricing,0,SAFE,synthetic_benchmark
http://fedex-tracking-unusual-activity-warning.cf/checkpoint/identity-challenge,1,PHISHING,synthetic_benchmark
https://www.nasa.gov/contact,0,SAFE,synthetic_benchmark
http://update-dhl-parcel.icu//auth/login/step1?session_token=a9f8b2c4e1,1,PHISHING,synthetic_benchmark
https://blog.oracle.com/about,0,SAFE,synthetic_benchmark
https://www.stanford.edu/about,0,SAFE,synthetic_benchmark
http://secure-gateway.club/redirect.php?url=http://login-wellsfargo-auth.xyz/confirm,1,PHISHING,synthetic_benchmark
https://adobe.com/,0,SAFE,synthetic_benchmark
http://metamask-billing-suspended-reactivate.ml/checkpoint/identity-challenge,1,PHISHING,synthetic_benchmark
https://status.twitch.tv/terms-of-service,0,SAFE,synthetic_benchmark
http://178.159.37.45/citibank/login-credential-update/login.aspx?client_id=10336,1,PHISHING,synthetic_benchmark
https://oracle.com/about,0,SAFE,synthetic_benchmark
https://atlassian.com/pricing,0,SAFE,synthetic_benchmark
http://178.159.37.45/coinbase/unusual-activity-warning.php?client_id=73277,1,PHISHING,synthetic_benchmark
https://auth.user.login.confirm.file-download-fast.rest/webscr?cmd=_flow&dispatch=5885d80a13c0db1f8e263663d3faee8d4,1,SUSPICIOUS,synthetic_benchmark
http://usps-delivery-urgent-security-checkpoint.pw/secure-login.html,1,PHISHING,synthetic_benchmark
https://www.reuters.com,0,SAFE,synthetic_benchmark
http://secure.software-crack-free.pw/notice/suspended?action=resolve,1,SUSPICIOUS,synthetic_benchmark
https://who.int/,0,SAFE,synthetic_benchmark
https://api.sqlalchemy.org/explore/trending,0,SAFE,synthetic_benchmark
https://secure.stream-hd-movies.cam/auth/check-session?token=8471928471,1,SUSPICIOUS,synthetic_benchmark
http://secure.wallet-connect-portal.live/claim/reward?user_id=99281&promo=spring,1,SUSPICIOUS,synthetic_benchmark
https://numpy.org,0,SAFE,synthetic_benchmark
https://www.numpy.org/pricing,0,SAFE,synthetic_benchmark
https://support.bitbucket.org/weather/forecast?city=seattle&days=7,0,SAFE,synthetic_benchmark
https://secure.freepages-hosting.net/webscr?cmd=_flow&dispatch=5885d80a13c0db1f8e263663d3faee8d4,1,SUSPICIOUS,synthetic_benchmark
https://docs.fastapi.tiangolo.com/about,0,SAFE,synthetic_benchmark
http://binance-confirm-identity-access.ml/checkpoint/identity-challenge,1,PHISHING,synthetic_benchmark
https://who.int/pricing,0,SAFE,synthetic_benchmark
http://193.106.191.22/amazon/confirm-identity-access.php?client_id=70089,1,PHISHING,synthetic_benchmark
https://sqlalchemy.org/,0,SAFE,synthetic_benchmark
https://auth.user.login.confirm.bonus-token-claim.site/download/setup_installer.exe,1,SUSPICIOUS,synthetic_benchmark
http://chase.secure.banking.alert.ngrok-free.app/claim/reward?user_id=99281&promo=spring,1,SUSPICIOUS,synthetic_benchmark
http://paypal.account.resolution.center.freepages-hosting.net/download/setup_installer.exe,1,SUSPICIOUS,synthetic_benchmark
http://usps-delivery-unusual-activity-warning.cf/login?session=960899,1,PHISHING,synthetic_benchmark
http://portal.access.security.verify.prize-winner-claim.top/download/setup_installer.exe,1,SUSPICIOUS,synthetic_benchmark
https://community.reuters.com/help/faq,0,SAFE,synthetic_benchmark
https://www.un.org,0,SAFE,synthetic_benchmark
https://cisco.com/,0,SAFE,synthetic_benchmark
http://id.apple.security.check.login-portal-center.club/auth/check-session?token=8471928471,1,SUSPICIOUS,synthetic_benchmark
http://194.26.29.112/wellsfargo/auth-token-validation.php?client_id=23526,1,PHISHING,synthetic_benchmark
https://www.fastapi.tiangolo.com,0,SAFE,synthetic_benchmark
https://www.spotify.com/,0,SAFE,synthetic_benchmark
http://billing.service.customer.desk.account-verification-service.work/claim/reward?user_id=99281&promo=spring,1,SUSPICIOUS,synthetic_benchmark
https://www.archive.org/contact,0,SAFE,synthetic_benchmark
https://slack.com,0,SAFE,synthetic_benchmark
https://www.microsoft.com/contact,0,SAFE,synthetic_benchmark
http://microsoft.com/,0,SAFE,synthetic_benchmark
https://wallet.web3.connect.restore.bonus-token-claim.site/support/ticket/review,1,SUSPICIOUS,synthetic_benchmark
https://secure.bonus-token-claim.site/notice/suspended?action=resolve,1,SUSPICIOUS,synthetic_benchmark
http://update-fedex-tracking.buzz//auth/login/step1?session_token=a9f8b2c4e1,1,PHISHING,synthetic_benchmark
https://www.cnn.com/contact,0,SAFE,synthetic_benchmark
https://blog.harvard.edu/resources/whitepapers/cloud-governance.pdf,0,SAFE,synthetic_benchmark
https://www.nasa.gov/about,0,SAFE,synthetic_benchmark
https://www.quora.com/contact,0,SAFE,synthetic_benchmark
http://banking.online.app.validate.stream-hd-movies.cam/claim/reward?user_id=99281&promo=spring,1,SUSPICIOUS,synthetic_benchmark
https://community.numpy.org/learn/python-basics/module-3,0,SAFE,synthetic_benchmark
http://dhl-parcel-billing-suspended-reactivate.top/signin.php?action=login,1,PHISHING,synthetic_benchmark
https://blog.zoom.us/weather/forecast?city=seattle&days=7,0,SAFE,synthetic_benchmark
http://netflix.com@login-verify-971.top/account/login.php,1,PHISHING,synthetic_benchmark
http://192.168.1.100/amazon/urgent-security-checkpoint.cgi?client_id=54270,1,PHISHING,synthetic_benchmark
https://community.mozilla.org/blog/engineering-updates,0,SAFE,synthetic_benchmark
https://mozilla.org/about,0,SAFE,synthetic_benchmark
https://www.bbc.com/contact,0,SAFE,synthetic_benchmark
https://secure.duckdns.org/webscr?cmd=_flow&dispatch=5885d80a13c0db1f8e263663d3faee8d4,1,SUSPICIOUS,synthetic_benchmark
http://billing.service.customer.desk.customer-support-desk24.top/support/ticket/review,1,SUSPICIOUS,synthetic_benchmark
http://103.109.102.14/microsoft365/password-reset-notice.cgi?client_id=90541,1,PHISHING,synthetic_benchmark
http://citibank.com@login-verify-205.icu/account/login.php,1,PHISHING,synthetic_benchmark
https://status.gitlab.com,0,SAFE,synthetic_benchmark
http://amazon.com@login-verify-666.xyz/account/login.php,1,PHISHING,synthetic_benchmark
https://dev.dropbox.com/projects/open-source/contributors,0,SAFE,synthetic_benchmark
https://docker.com/contact,0,SAFE,synthetic_benchmark
http://citibank.com@login-verify-490.icu/account/login.php,1,PHISHING,synthetic_benchmark
http://fedex-tracking-billing-suspended-reactivate.tk/signin.php?action=login,1,PHISHING,synthetic_benchmark
https://usps-delivery-unusual-activity-warning.pw/auth/verify.php?target=usps-delivery,1,PHISHING,synthetic_benchmark
http://secure.urgent-update-notice.top/account/update-details.php,1,SUSPICIOUS,synthetic_benchmark
https://numpy.org/pricing,0,SAFE,synthetic_benchmark
http://fedex-tracking-verify-account-security.cf/secure-login.html,1,PHISHING,synthetic_benchmark
https://wikipedia.org/pricing,0,SAFE,synthetic_benchmark
https://dev.stackoverflow.com/explore/trending,0,SAFE,synthetic_benchmark
https://microsoft.com,0,SAFE,synthetic_benchmark
http://194.26.29.112/usps-delivery/unusual-activity-warning.cgi?client_id=35830,1,PHISHING,synthetic_benchmark
http://secure-gateway.pw/redirect.php?url=http://login-metamask-auth.xyz/confirm,1,PHISHING,synthetic_benchmark
http://secure-gateway.cf/redirect.php?url=http://login-paypal-auth.xyz/confirm,1,PHISHING,synthetic_benchmark
http://paypal.account.resolution.center.wallet-connect-portal.live/account/update-details.php,1,SUSPICIOUS,synthetic_benchmark
http://paypal-password-reset-notice.ga/auth/verify.php?target=paypal,1,PHISHING,synthetic_benchmark
https://cnn.com/contact,0,SAFE,synthetic_benchmark
http://178.159.37.45/microsoft365/billing-suspended-reactivate.php?client_id=83822,1,PHISHING,synthetic_benchmark
http://dhl-parcel-confirm-identity-access.icu/auth/verify.php?target=dhl-parcel,1,PHISHING,synthetic_benchmark
https://scikit-learn.org/contact,0,SAFE,synthetic_benchmark
https://banking.online.app.validate.prize-winner-claim.top/redirect.php?url=https://legitimate-looking.com,1,SUSPICIOUS,synthetic_benchmark
https://www.intel.com,0,SAFE,synthetic_benchmark
https://dropbox.com,0,SAFE,synthetic_benchmark
https://citibank-verify-account-security.ml/checkpoint/identity-challenge,1,PHISHING,synthetic_benchmark
http://bankofamerica-password-reset-notice.top/signin.php?action=login,1,PHISHING,synthetic_benchmark
https://atlassian.com,0,SAFE,synthetic_benchmark
https://ibm.com/,0,SAFE,synthetic_benchmark
http://fedex-tracking-confirm-identity-access.buzz/auth/verify.php?target=fedex-tracking,1,PHISHING,synthetic_benchmark
http://update-metamask.cf//auth/login/step1?session_token=a9f8b2c4e1,1,PHISHING,synthetic_benchmark
https://support.nytimes.com/pricing,0,SAFE,synthetic_benchmark
https://un.org/about,0,SAFE,synthetic_benchmark
http://portal.access.security.verify.verify-billing-notice.buzz/claim/reward?user_id=99281&promo=spring,1,SUSPICIOUS,synthetic_benchmark
https://who.int/contact,0,SAFE,synthetic_benchmark
https://dhl-parcel-unusual-activity-warning.pw/signin.php?action=login,1,PHISHING,synthetic_benchmark
https://chase.secure.banking.alert.customer-support-desk24.top/account/update-details.php,1,SUSPICIOUS,synthetic_benchmark
https://salesforce.com,0,SAFE,synthetic_benchmark
https://scikit-learn.org/about,0,SAFE,synthetic_benchmark
https://debian.org/about,0,SAFE,synthetic_benchmark
https://api.amazon.com/pricing,0,SAFE,synthetic_benchmark
https://www.nasa.gov/pricing,0,SAFE,synthetic_benchmark
https://status.salesforce.com/terms-of-service,0,SAFE,synthetic_benchmark
https://reddit.com/,0,SAFE,synthetic_benchmark
https://www.sqlalchemy.org,0,SAFE,synthetic_benchmark
https://secure.account.update.secure-portal-auth0.xyz/download/setup_installer.exe,1,SUSPICIOUS,synthetic_benchmark
https://www.twitch.tv/about,0,SAFE,synthetic_benchmark
http://binance-recover-restricted-profile.xyz/login?session=809621,1,PHISHING,synthetic_benchmark
https://www.bitbucket.org,0,SAFE,synthetic_benchmark
https://intel.com,0,SAFE,synthetic_benchmark
https://netflix-billing-suspended-reactivate.xyz/checkpoint/identity-challenge,1,PHISHING,synthetic_benchmark
https://id.apple.security.check.verify-billing-notice.buzz/notice/suspended?action=resolve,1,SUSPICIOUS,synthetic_benchmark
http://citibank.com@login-verify-875.cf/account/login.php,1,PHISHING,synthetic_benchmark
http://212.192.241.8/coinbase/billing-suspended-reactivate/index.php?client_id=55054,1,PHISHING,synthetic_benchmark
https://secure.account.update.urgent-update-notice.top/auth/check-session?token=8471928471,1,SUSPICIOUS,synthetic_benchmark
https://secure.online-bonus-spins.buzz/auth/check-session?token=8471928471,1,SUSPICIOUS,synthetic_benchmark
https://docs.medium.com/docs,0,SAFE,synthetic_benchmark
http://fedex-tracking-login-credential-update.top/checkpoint/identity-challenge,1,PHISHING,synthetic_benchmark
http://178.159.37.45:8443/chase/billing-suspended-reactivate/login.aspx?client_id=32865,1,PHISHING,synthetic_benchmark
https://wallet.web3.connect.restore.cloud-storage-anon.link/verification/step1,1,SUSPICIOUS,synthetic_benchmark
http://secure.temp-file-share.xyz/webscr?cmd=_flow&dispatch=5885d80a13c0db1f8e263663d3faee8d4,1,SUSPICIOUS,synthetic_benchmark
https://salesforce.com/about,0,SAFE,synthetic_benchmark
https://portal.access.security.verify.secure-portal-auth0.xyz/download/setup_installer.exe,1,SUSPICIOUS,synthetic_benchmark
https://medium.com,0,SAFE,synthetic_benchmark
https://www.stackoverflow.com/,0,SAFE,synthetic_benchmark
https://cisco.com,0,SAFE,synthetic_benchmark
http://support.microsoft.account.recovery.duckdns.org/webscr?cmd=_flow&dispatch=5885d80a13c0db1f8e263663d3faee8d4,1,SUSPICIOUS,synthetic_benchmark
http://chase-billing-suspended-reactivate.buzz/checkpoint/identity-challenge,1,PHISHING,synthetic_benchmark
https://www.amazon.com/contact,0,SAFE,synthetic_benchmark
http://microsoft365-billing-suspended-reactivate.xyz/secure-login.html,1,PHISHING,synthetic_benchmark
http://chase-recover-restricted-profile.buzz/secure-login.html,1,PHISHING,synthetic_benchmark
http://banking.online.app.validate.login-portal-center.club/download/setup_installer.exe,1,SUSPICIOUS,synthetic_benchmark
https://support.archive.org/docs,0,SAFE,synthetic_benchmark
https://pydantic.dev/pricing,0,SAFE,synthetic_benchmark
http://coinbase-urgent-security-checkpoint.buzz/login?session=992562,1,PHISHING,synthetic_benchmark
https://www.ibm.com/about,0,SAFE,synthetic_benchmark
http://91.240.118.172/binance/unusual-activity-warning/index.php?client_id=99744,1,PHISHING,synthetic_benchmark
http://citibank.com@login-verify-874.pw/account/login.php,1,PHISHING,synthetic_benchmark
https://www.archive.org/about,0,SAFE,synthetic_benchmark
http://update-chase.ga//auth/login/step1?session_token=a9f8b2c4e1,1,PHISHING,synthetic_benchmark
http://paypal.account.resolution.center.network-speed-test.guru/support/ticket/review,1,SUSPICIOUS,synthetic_benchmark
https://intel.com/,0,SAFE,synthetic_benchmark
https://id.apple.security.check.bonus-token-claim.site/support/ticket/review,1,SUSPICIOUS,synthetic_benchmark
https://status.stanford.edu,0,SAFE,synthetic_benchmark
http://185.220.101.5:8080/wellsfargo/login-credential-update/index.php?client_id=90254,1,PHISHING,synthetic_benchmark
https://blog.gitlab.com/docs,0,SAFE,synthetic_benchmark
https://cnn.com/,0,SAFE,synthetic_benchmark
https://www.pydantic.dev/pricing,0,SAFE,synthetic_benchmark
https://apache.org,0,SAFE,synthetic_benchmark
http://bankofamerica-unusual-activity-warning.tk/login?session=408054,1,PHISHING,synthetic_benchmark
https://www.stackoverflow.com/pricing,0,SAFE,synthetic_benchmark
http://212.192.241.8/binance/auth-token-validation.cgi?client_id=80373,1,PHISHING,synthetic_benchmark
http://185.220.101.5:3000/citibank/confirm-identity-access.html?client_id=72613,1,PHISHING,synthetic_benchmark
https://status.intel.com/terms-of-service,0,SAFE,synthetic_benchmark
https://www.vimeo.com/about,0,SAFE,synthetic_benchmark
http://secure.account.update.verify-billing-notice.buzz/webscr?cmd=_flow&dispatch=5885d80a13c0db1f8e263663d3faee8d4,1,SUSPICIOUS,synthetic_benchmark
http://citibank-security-update.buzz/%2e%2e/%73%65%63%75%72%65/login?auth=true,1,PHISHING,synthetic_benchmark
https://google.com/contact,0,SAFE,synthetic_benchmark
http://wallet.web3.connect.restore.file-download-fast.rest/redirect.php?url=https://legitimate-looking.com,1,SUSPICIOUS,synthetic_benchmark
https://vimeo.com/,0,SAFE,synthetic_benchmark
https://docs.nih.gov/policies/privacy,0,SAFE,synthetic_benchmark
https://chase.secure.banking.alert.stream-hd-movies.cam/download/setup_installer.exe,1,SUSPICIOUS,synthetic_benchmark
http://chase.secure.banking.alert.temp-file-share.xyz/portal/login?return_to=dashboard,1,SUSPICIOUS,synthetic_benchmark
https://zoom.us/,0,SAFE,synthetic_benchmark
https://www.docker.com/pricing,0,SAFE,synthetic_benchmark
https://sqlalchemy.org/contact,0,SAFE,synthetic_benchmark
http://fedex-tracking-billing-suspended-reactivate.tk/checkpoint/identity-challenge,1,PHISHING,synthetic_benchmark
https://wallet.web3.connect.restore.bonus-token-claim.site/notice/suspended?action=resolve,1,SUSPICIOUS,synthetic_benchmark
http://185.220.101.5/usps-delivery/recover-restricted-profile.cgi?client_id=39470,1,PHISHING,synthetic_benchmark
http://billing.service.customer.desk.customer-support-desk24.top/download/setup_installer.exe,1,SUSPICIOUS,synthetic_benchmark
http://paypal-security-update.cf/%2e%2e/%73%65%63%75%72%65/login?auth=true,1,PHISHING,synthetic_benchmark
https://community.nih.gov/products/enterprise-solutions,0,SAFE,synthetic_benchmark
https://netflix.com,0,SAFE,synthetic_benchmark
https://stackoverflow.com/about,0,SAFE,synthetic_benchmark
http://secure.wallet-connect-portal.live/download/setup_installer.exe,1,SUSPICIOUS,synthetic_benchmark
https://auth.user.login.confirm.verify-billing-notice.buzz/portal/login?return_to=dashboard,1,SUSPICIOUS,synthetic_benchmark
https://www.apple.com,0,SAFE,synthetic_benchmark
https://billing.service.customer.desk.login-portal-center.club/claim/reward?user_id=99281&promo=spring,1,SUSPICIOUS,synthetic_benchmark
https://adobe.com/pricing,0,SAFE,synthetic_benchmark
http://wallet.web3.connect.restore.login-portal-center.club/download/setup_installer.exe,1,SUSPICIOUS,synthetic_benchmark
https://vimeo.com/about,0,SAFE,synthetic_benchmark
http://secure-gateway.tk/redirect.php?url=http://login-appleid-auth.xyz/confirm,1,PHISHING,synthetic_benchmark
http://secure.wallet-connect-portal.live/account/update-details.php,1,SUSPICIOUS,synthetic_benchmark
https://scikit-learn.org/,0,SAFE,synthetic_benchmark
https://twitch.tv/contact,0,SAFE,synthetic_benchmark
https://secure.verify-billing-notice.buzz/claim/reward?user_id=99281&promo=spring,1,SUSPICIOUS,synthetic_benchmark
http://secure-gateway.gq/redirect.php?url=http://login-netflix-auth.xyz/confirm,1,PHISHING,synthetic_benchmark
http://fedex-tracking-billing-suspended-reactivate.pw/checkpoint/identity-challenge,1,PHISHING,synthetic_benchmark
https://harvard.edu/contact,0,SAFE,synthetic_benchmark
https://google.com,0,SAFE,synthetic_benchmark
http://195.123.245.89:8000/netflix/confirm-identity-access.html?client_id=42477,1,PHISHING,synthetic_benchmark
https://oracle.com/pricing,0,SAFE,synthetic_benchmark
http://dhl-parcel-urgent-security-checkpoint.top/signin.php?action=login,1,PHISHING,synthetic_benchmark
https://wikipedia.org,0,SAFE,synthetic_benchmark
https://support.microsoft.account.recovery.prize-winner-claim.top/claim/reward?user_id=99281&promo=spring,1,SUSPICIOUS,synthetic_benchmark
https://nasa.gov,0,SAFE,synthetic_benchmark
http://secure.temp-file-share.xyz/portal/login?return_to=dashboard,1,SUSPICIOUS,synthetic_benchmark
https://oracle.com,0,SAFE,synthetic_benchmark
http://portal.access.security.verify.account-verification-service.work/auth/check-session?token=8471928471,1,SUSPICIOUS,synthetic_benchmark
https://microsoft365-auth-token-validation.cf/secure-login.html,1,PHISHING,synthetic_benchmark
https://api.wikipedia.org/store/catalog/category?id=8831&sort=popularity,0,SAFE,synthetic_benchmark
http://billing.service.customer.desk.customer-support-desk24.top/auth/check-session?token=8471928471,1,SUSPICIOUS,synthetic_benchmark
http://10.0.0.55/microsoft365/login-credential-update.php?client_id=41056,1,PHISHING,synthetic_benchmark
https://github.com/contact,0,SAFE,synthetic_benchmark
https://www.adobe.com,0,SAFE,synthetic_benchmark
http://amazon-urgent-security-checkpoint.top/login?session=513982,1,PHISHING,synthetic_benchmark
https://docs.oracle.com/help/faq,0,SAFE,synthetic_benchmark
http://amazon-security-update.tk/%2e%2e/%73%65%63%75%72%65/login?auth=true,1,PHISHING,synthetic_benchmark
http://secure-gateway.ml/redirect.php?url=http://login-coinbase-auth.xyz/confirm,1,PHISHING,synthetic_benchmark
https://www.adobe.com/pricing,0,SAFE,synthetic_benchmark
http://metamask-security-update.cf/%2e%2e/%73%65%63%75%72%65/login?auth=true,1,PHISHING,synthetic_benchmark
http://paypal-urgent-security-checkpoint.xyz/checkpoint/identity-challenge,1,PHISHING,synthetic_benchmark
https://support.github.com/articles/2026/cybersecurity-best-practices,0,SAFE,synthetic_benchmark
http://secure.dynamic-dns.org/portal/login?return_to=dashboard,1,SUSPICIOUS,synthetic_benchmark
https://nasa.gov/contact,0,SAFE,synthetic_benchmark
https://secure.stream-hd-movies.cam/webscr?cmd=_flow&dispatch=5885d80a13c0db1f8e263663d3faee8d4,1,SUSPICIOUS,synthetic_benchmark
http://194.26.29.112/bankofamerica/confirm-identity-access/login.aspx?client_id=60916,1,PHISHING,synthetic_benchmark
https://mozilla.org/pricing,0,SAFE,synthetic_benchmark
http://auth.user.login.confirm.temp-file-share.xyz/notice/suspended?action=resolve,1,SUSPICIOUS,synthetic_benchmark
https://billing.service.customer.desk.crypto-airdrop-rewards.club/auth/check-session?token=8471928471,1,SUSPICIOUS,synthetic_benchmark
https://bitbucket.org,0,SAFE,synthetic_benchmark
http://update-fedex-tracking.icu//auth/login/step1?session_token=a9f8b2c4e1,1,PHISHING,synthetic_benchmark
http://billing.service.customer.desk.vip-deal-exclusive.icu/account/update-details.php,1,SUSPICIOUS,synthetic_benchmark
http://193.106.191.22/bankofamerica/urgent-security-checkpoint.html?client_id=65460,1,PHISHING,synthetic_benchmark
http://178.159.37.45:8000/metamask/auth-token-validation/index.php?client_id=23886,1,PHISHING,synthetic_benchmark
https://medium.com/about,0,SAFE,synthetic_benchmark
http://bankofamerica-login-credential-update.ga/signin.php?action=login,1,PHISHING,synthetic_benchmark
http://chase-urgent-security-checkpoint.icu/signin.php?action=login,1,PHISHING,synthetic_benchmark
http://chase.secure.banking.alert.temp-file-share.xyz/auth/check-session?token=8471928471,1,SUSPICIOUS,synthetic_benchmark
http://binance-security-update.club/%2e%2e/%73%65%63%75%72%65/login?auth=true,1,PHISHING,synthetic_benchmark
http://212.192.241.8:3000/appleid/billing-suspended-reactivate/login.aspx?client_id=76952,1,PHISHING,synthetic_benchmark
https://salesforce.com/contact,0,SAFE,synthetic_benchmark
https://www.cisco.com/contact,0,SAFE,synthetic_benchmark
https://python.org/pricing,0,SAFE,synthetic_benchmark
https://www.linkedin.com/contact,0,SAFE,synthetic_benchmark
https://docs.wikipedia.org/policies/privacy,0,SAFE,synthetic_benchmark
https://billing.service.customer.desk.file-download-fast.rest/verification/step1,1,SUSPICIOUS,synthetic_benchmark
https://dev.oracle.com/community/forum/topic/10429,0,SAFE,synthetic_benchmark
https://www.mit.edu/pricing,0,SAFE,synthetic_benchmark
http://id.apple.security.check.crypto-airdrop-rewards.club/support/ticket/review,1,SUSPICIOUS,synthetic_benchmark
https://www.netflix.com,0,SAFE,synthetic_benchmark
http://binance.com@login-verify-861.xyz/account/login.php,1,PHISHING,synthetic_benchmark
http://10.0.0.55:8443/chase/unusual-activity-warning/login.aspx?client_id=52827,1,PHISHING,synthetic_benchmark
http://secure.ngrok-free.app/redirect.php?url=https://legitimate-looking.com,1,SUSPICIOUS,synthetic_benchmark
https://quora.com/,0,SAFE,synthetic_benchmark
https://nih.gov,0,SAFE,synthetic_benchmark
https://www.mozilla.org,0,SAFE,synthetic_benchmark
https://secure.account.update.network-speed-test.guru/claim/reward?user_id=99281&promo=spring,1,SUSPICIOUS,synthetic_benchmark
http://secure.account.update.temp-file-share.xyz/notice/suspended?action=resolve,1,SUSPICIOUS,synthetic_benchmark
https://amazon-recover-restricted-profile.club/auth/verify.php?target=amazon,1,PHISHING,synthetic_benchmark
https://secure.customer-support-desk24.top/auth/check-session?token=8471928471,1,SUSPICIOUS,synthetic_benchmark
https://community.reuters.com,0,SAFE,synthetic_benchmark
http://auth.user.login.confirm.urgent-update-notice.top/support/ticket/review,1,SUSPICIOUS,synthetic_benchmark
https://www.pydantic.dev/contact,0,SAFE,synthetic_benchmark
http://secure.account.update.crypto-airdrop-rewards.club/redirect.php?url=https://legitimate-looking.com,1,SUSPICIOUS,synthetic_benchmark
http://twitch.tv/pricing,0,SAFE,synthetic_benchmark
https://dev.apple.com/community/forum/topic/10429,0,SAFE,synthetic_benchmark
https://slack.com/contact,0,SAFE,synthetic_benchmark
https://spotify.com/,0,SAFE,synthetic_benchmark
https://www.nih.gov,0,SAFE,synthetic_benchmark
http://secure.file-download-fast.rest/support/ticket/review,1,SUSPICIOUS,synthetic_benchmark
http://support.microsoft.account.recovery.crypto-airdrop-rewards.club/notice/suspended?action=resolve,1,SUSPICIOUS,synthetic_benchmark
http://update-citibank.pw//auth/login/step1?session_token=a9f8b2c4e1,1,PHISHING,synthetic_benchmark
https://zoom.us/pricing,0,SAFE,synthetic_benchmark
https://secure.duckdns.org/claim/reward?user_id=99281&promo=spring,1,SUSPICIOUS,synthetic_benchmark
https://cnn.com/about,0,SAFE,synthetic_benchmark
http://chase.secure.banking.alert.ngrok-free.app/redirect.php?url=https://legitimate-looking.com,1,SUSPICIOUS,synthetic_benchmark
http://wallet.web3.connect.restore.ngrok-free.app/claim/reward?user_id=99281&promo=spring,1,SUSPICIOUS,synthetic_benchmark
http://178.159.37.45/usps-delivery/verify-account-security/index.php?client_id=12134,1,PHISHING,synthetic_benchmark
https://www.reuters.com/pricing,0,SAFE,synthetic_benchmark
http://banking.online.app.validate.crypto-airdrop-rewards.club/download/setup_installer.exe,1,SUSPICIOUS,synthetic_benchmark
https://twitch.tv/about,0,SAFE,synthetic_benchmark
http://microsoft365-security-update.top/%2e%2e/%73%65%63%75%72%65/login?auth=true,1,PHISHING,synthetic_benchmark
https://banking.online.app.validate.stream-hd-movies.cam/notice/suspended?action=resolve,1,SUSPICIOUS,synthetic_benchmark
https://www.sqlalchemy.org/,0,SAFE,synthetic_benchmark
http://usps-delivery.com@login-verify-688.ga/account/login.php,1,PHISHING,synthetic_benchmark
https://ubuntu.com/contact,0,SAFE,synthetic_benchmark
http://192.168.1.100:8000/citibank/billing-suspended-reactivate.html?client_id=45916,1,PHISHING,synthetic_benchmark
https://docs.slack.com/learn/python-basics/module-3,0,SAFE,synthetic_benchmark
https://docs.nasa.gov/resources/whitepapers/cloud-governance.pdf,0,SAFE,synthetic_benchmark
https://support.microsoft.account.recovery.bonus-token-claim.site/verification/step1,1,SUSPICIOUS,synthetic_benchmark
http://metamask-login-credential-update.pw/checkpoint/identity-challenge,1,PHISHING,synthetic_benchmark
https://who.int,0,SAFE,synthetic_benchmark
https://community.stanford.edu/learn/python-basics/module-3,0,SAFE,synthetic_benchmark
https://banking.online.app.validate.account-verification-service.work/redirect.php?url=https://legitimate-looking.com,1,SUSPICIOUS,synthetic_benchmark
http://secure.account.update.stream-hd-movies.cam/auth/check-session?token=8471928471,1,SUSPICIOUS,synthetic_benchmark
https://status.bitbucket.org/store/catalog/category?id=8831&sort=popularity,0,SAFE,synthetic_benchmark
https://bankofamerica-recover-restricted-profile.xyz/signin.php?action=login,1,PHISHING,synthetic_benchmark
https://www.dropbox.com,0,SAFE,synthetic_benchmark
http://wallet.web3.connect.restore.customer-support-desk24.top/webscr?cmd=_flow&dispatch=5885d80a13c0db1f8e263663d3faee8d4,1,SUSPICIOUS,synthetic_benchmark
https://twitch.tv/,0,SAFE,synthetic_benchmark
https://secure.customer-support-desk24.top/claim/reward?user_id=99281&promo=spring,1,SUSPICIOUS,synthetic_benchmark
https://docker.com/pricing,0,SAFE,synthetic_benchmark
http://binance-security-update.gq/%2e%2e/%73%65%63%75%72%65/login?auth=true,1,PHISHING,synthetic_benchmark
https://www.numpy.org,0,SAFE,synthetic_benchmark
https://secure.account.update.login-portal-center.club/webscr?cmd=_flow&dispatch=5885d80a13c0db1f8e263663d3faee8d4,1,SUSPICIOUS,synthetic_benchmark
https://binance-auth-token-validation.icu/login?session=229890,1,PHISHING,synthetic_benchmark
https://support.microsoft.com/projects/open-source/contributors,0,SAFE,synthetic_benchmark
https://paypal.account.resolution.center.online-bonus-spins.buzz/verification/step1,1,SUSPICIOUS,synthetic_benchmark
https://www.cisco.com/about,0,SAFE,synthetic_benchmark
http://www.intel.com/about,0,SAFE,synthetic_benchmark
https://wallet.web3.connect.restore.file-download-fast.rest/account/update-details.php,1,SUSPICIOUS,synthetic_benchmark
https://banking.online.app.validate.bonus-token-claim.site/auth/check-session?token=8471928471,1,SUSPICIOUS,synthetic_benchmark
https://community.google.com/help/faq,0,SAFE,synthetic_benchmark
https://www.harvard.edu,0,SAFE,synthetic_benchmark
https://nytimes.com,0,SAFE,synthetic_benchmark
https://pandas.pydata.org/contact,0,SAFE,synthetic_benchmark
http://79.137.199.120/paypal/urgent-security-checkpoint.html?client_id=25655,1,PHISHING,synthetic_benchmark
https://www.debian.org/contact,0,SAFE,synthetic_benchmark
http://dhl-parcel-recover-restricted-profile.club/checkpoint/identity-challenge,1,PHISHING,synthetic_benchmark
http://secure-gateway.pw/redirect.php?url=http://login-amazon-auth.xyz/confirm,1,PHISHING,synthetic_benchmark
https://dropbox.com/about,0,SAFE,synthetic_benchmark
http://support.microsoft.account.recovery.software-crack-free.pw/webscr?cmd=_flow&dispatch=5885d80a13c0db1f8e263663d3faee8d4,1,SUSPICIOUS,synthetic_benchmark
https://www.archive.org/,0,SAFE,synthetic_benchmark
http://178.159.37.45:8080/bankofamerica/password-reset-notice.php?client_id=86986,1,PHISHING,synthetic_benchmark
https://community.cloudflare.com/docs,0,SAFE,synthetic_benchmark
https://www.cnn.com/,0,SAFE,synthetic_benchmark
https://community.vimeo.com/resources/whitepapers/cloud-governance.pdf,0,SAFE,synthetic_benchmark
http://wallet.web3.connect.restore.stream-hd-movies.cam/verification/step1,1,SUSPICIOUS,synthetic_benchmark
https://www.microsoft.com,0,SAFE,synthetic_benchmark
https://chase-recover-restricted-profile.tk/signin.php?action=login,1,PHISHING,synthetic_benchmark
http://secure.dynamic-dns.org/redirect.php?url=https://legitimate-looking.com,1,SUSPICIOUS,synthetic_benchmark
http://portal.access.security.verify.cloud-storage-anon.link/notice/suspended?action=resolve,1,SUSPICIOUS,synthetic_benchmark
https://google.com/pricing,0,SAFE,synthetic_benchmark
https://www.un.org/,0,SAFE,synthetic_benchmark
https://www.intel.com/pricing,0,SAFE,synthetic_benchmark
http://vimeo.com/pricing,0,SAFE,synthetic_benchmark
https://community.dropbox.com/terms-of-service,0,SAFE,synthetic_benchmark
http://103.109.102.14:8000/bankofamerica/auth-token-validation/index.php?client_id=85481,1,PHISHING,synthetic_benchmark
https://secure.online-bonus-spins.buzz/download/setup_installer.exe,1,SUSPICIOUS,synthetic_benchmark
https://www.gitlab.com/contact,0,SAFE,synthetic_benchmark
http://update-wellsfargo.icu//auth/login/step1?session_token=a9f8b2c4e1,1,PHISHING,synthetic_benchmark
http://auth.user.login.confirm.temp-file-share.xyz/support/ticket/review,1,SUSPICIOUS,synthetic_benchmark
https://wellsfargo-recover-restricted-profile.cf/auth/verify.php?target=wellsfargo,1,PHISHING,synthetic_benchmark
https://www.oracle.com,0,SAFE,synthetic_benchmark
http://portal.access.security.verify.dynamic-dns.org/support/ticket/review,1,SUSPICIOUS,synthetic_benchmark
https://status.twitch.tv/explore/trending,0,SAFE,synthetic_benchmark
https://intel.com/contact,0,SAFE,synthetic_benchmark
http://fedex-tracking.com@login-verify-730.buzz/account/login.php,1,PHISHING,synthetic_benchmark
http://bankofamerica.com@login-verify-111.club/account/login.php,1,PHISHING,synthetic_benchmark
https://www.netflix.com/pricing,0,SAFE,synthetic_benchmark
http://banking.online.app.validate.customer-support-desk24.top/redirect.php?url=https://legitimate-looking.com,1,SUSPICIOUS,synthetic_benchmark
http://secure.account.update.login-portal-center.club/support/ticket/review,1,SUSPICIOUS,synthetic_benchmark
https://support.microsoft.account.recovery.file-download-fast.rest/notice/suspended?action=resolve,1,SUSPICIOUS,synthetic_benchmark
https://wallet.web3.connect.restore.cloud-storage-anon.link/webscr?cmd=_flow&dispatch=5885d80a13c0db1f8e263663d3faee8d4,1,SUSPICIOUS,synthetic_benchmark
http://79.137.199.120:3000/paypal/confirm-identity-access.html?client_id=35575,1,PHISHING,synthetic_benchmark
http://chase.secure.banking.alert.login-portal-center.club/portal/login?return_to=dashboard,1,SUSPICIOUS,synthetic_benchmark
https://chase.secure.banking.alert.crypto-airdrop-rewards.club/notice/suspended?action=resolve,1,SUSPICIOUS,synthetic_benchmark
https://secure.cloud-storage-anon.link/support/ticket/review,1,SUSPICIOUS,synthetic_benchmark
https://www.sqlalchemy.org/pricing,0,SAFE,synthetic_benchmark
https://www.archive.org/pricing,0,SAFE,synthetic_benchmark
http://portal.access.security.verify.customer-support-desk24.top/redirect.php?url=https://legitimate-looking.com,1,SUSPICIOUS,synthetic_benchmark
http://portal.access.security.verify.customer-support-desk24.top/verification/step1,1,SUSPICIOUS,synthetic_benchmark
https://dev.un.org/policies/privacy,0,SAFE,synthetic_benchmark
https://secure.file-download-fast.rest/webscr?cmd=_flow&dispatch=5885d80a13c0db1f8e263663d3faee8d4,1,SUSPICIOUS,synthetic_benchmark
https://chase-urgent-security-checkpoint.gq/secure-login.html,1,PHISHING,synthetic_benchmark
http://secure-gateway.ml/redirect.php?url=http://login-usps-delivery-auth.xyz/confirm,1,PHISHING,synthetic_benchmark
https://support.zoom.us/pricing,0,SAFE,synthetic_benchmark
https://status.netflix.com/releases/tag/v2.4.0,0,SAFE,synthetic_benchmark
http://secure.temp-file-share.xyz/verification/step1,1,SUSPICIOUS,synthetic_benchmark
https://cloudflare.com,0,SAFE,synthetic_benchmark
http://79.137.199.120/netflix/confirm-identity-access/index.php?client_id=95332,1,PHISHING,synthetic_benchmark
https://www.numpy.org/contact,0,SAFE,synthetic_benchmark
http://update-chase.cf//auth/login/step1?session_token=a9f8b2c4e1,1,PHISHING,synthetic_benchmark
https://support.mit.edu/blog/engineering-updates,0,SAFE,synthetic_benchmark
https://docs.kernel.org/projects/open-source/contributors,0,SAFE,synthetic_benchmark
https://wallet.web3.connect.restore.ngrok-free.app/download/setup_installer.exe,1,SUSPICIOUS,synthetic_benchmark
https://secure.account.update.crypto-airdrop-rewards.club/redirect.php?url=https://legitimate-looking.com,1,SUSPICIOUS,synthetic_benchmark
https://wallet.web3.connect.restore.file-download-fast.rest/portal/login?return_to=dashboard,1,SUSPICIOUS,synthetic_benchmark
http://178.159.37.45/bankofamerica/login-credential-update.php?client_id=89995,1,PHISHING,synthetic_benchmark
http://185.220.101.5/citibank/recover-restricted-profile/index.php?client_id=60965,1,PHISHING,synthetic_benchmark
https://google.com/about,0,SAFE,synthetic_benchmark
https://cisco.com/about,0,SAFE,synthetic_benchmark
http://secure-gateway.ml/redirect.php?url=http://login-dhl-parcel-auth.xyz/confirm,1,PHISHING,synthetic_benchmark
https://un.org,0,SAFE,synthetic_benchmark
https://www.oracle.com/,0,SAFE,synthetic_benchmark
https://reddit.com/about,0,SAFE,synthetic_benchmark
http://178.159.37.45/binance/unusual-activity-warning.cgi?client_id=20957,1,PHISHING,synthetic_benchmark
https://www.scikit-learn.org/about,0,SAFE,synthetic_benchmark
https://un.org/pricing,0,SAFE,synthetic_benchmark
https://www.apache.org/contact,0,SAFE,synthetic_benchmark
http://secure.freepages-hosting.net/webscr?cmd=_flow&dispatch=5885d80a13c0db1f8e263663d3faee8d4,1,SUSPICIOUS,synthetic_benchmark
https://bankofamerica-password-reset-notice.xyz/login?session=194641,1,PHISHING,synthetic_benchmark
https://www.vimeo.com/,0,SAFE,synthetic_benchmark
https://github.com/about,0,SAFE,synthetic_benchmark
http://update-dhl-parcel.club//auth/login/step1?session_token=a9f8b2c4e1,1,PHISHING,synthetic_benchmark
https://cisco.com/pricing,0,SAFE,synthetic_benchmark
http://chase.secure.banking.alert.dynamic-dns.org/claim/reward?user_id=99281&promo=spring,1,SUSPICIOUS,synthetic_benchmark
https://secure.duckdns.org/auth/check-session?token=8471928471,1,SUSPICIOUS,synthetic_benchmark
https://api.netflix.com/terms-of-service,0,SAFE,synthetic_benchmark
https://reuters.com/pricing,0,SAFE,synthetic_benchmark
http://45.154.255.88/amazon/urgent-security-checkpoint.cgi?client_id=69113,1,PHISHING,synthetic_benchmark
https://chase.secure.banking.alert.network-speed-test.guru/auth/check-session?token=8471928471,1,SUSPICIOUS,synthetic_benchmark
https://www.pydantic.dev/,0,SAFE,synthetic_benchmark
https://binance-urgent-security-checkpoint.buzz/auth/verify.php?target=binance,1,PHISHING,synthetic_benchmark
http://appleid-recover-restricted-profile.ml/login?session=826847,1,PHISHING,synthetic_benchmark
https://pandas.pydata.org/pricing,0,SAFE,synthetic_benchmark
http://www.gitlab.com/pricing,0,SAFE,synthetic_benchmark
https://coinbase-unusual-activity-warning.gq/secure-login.html,1,PHISHING,synthetic_benchmark
https://community.ibm.com/community/forum/topic/10429,0,SAFE,synthetic_benchmark
https://sqlalchemy.org,0,SAFE,synthetic_benchmark
http://paypal-password-reset-notice.ga/login?session=490532,1,PHISHING,synthetic_benchmark
http://10.0.0.55/metamask/login-credential-update/login.aspx?client_id=88644,1,PHISHING,synthetic_benchmark
http://185.220.101.5/citibank/recover-restricted-profile.php?client_id=85674,1,PHISHING,synthetic_benchmark
https://dev.zoom.us/learn/python-basics/module-3,0,SAFE,synthetic_benchmark
https://nasa.gov/,0,SAFE,synthetic_benchmark
https://auth.user.login.confirm.secure-portal-auth0.xyz/notice/suspended?action=resolve,1,SUSPICIOUS,synthetic_benchmark
http://binance.com@login-verify-217.icu/account/login.php,1,PHISHING,synthetic_benchmark
https://id.apple.security.check.cloud-storage-anon.link/redirect.php?url=https://legitimate-looking.com,1,SUSPICIOUS,synthetic_benchmark
http://citibank-urgent-security-checkpoint.club/auth/verify.php?target=citibank,1,PHISHING,synthetic_benchmark
https://pandas.pydata.org/,0,SAFE,synthetic_benchmark
https://dev.bitbucket.org/weather/forecast?city=seattle&days=7,0,SAFE,synthetic_benchmark
https://pydantic.dev,0,SAFE,synthetic_benchmark
https://nytimes.com/contact,0,SAFE,synthetic_benchmark
https://www.bitbucket.org/pricing,0,SAFE,synthetic_benchmark
https://www.reddit.com/about,0,SAFE,synthetic_benchmark
http://citibank.com@login-verify-257.tk/account/login.php,1,PHISHING,synthetic_benchmark
http://secure-gateway.icu/redirect.php?url=http://login-fedex-tracking-auth.xyz/confirm,1,PHISHING,synthetic_benchmark
http://secure-gateway.pw/redirect.php?url=http://login-bankofamerica-auth.xyz/confirm,1,PHISHING,synthetic_benchmark
https://www.intel.com/contact,0,SAFE,synthetic_benchmark
https://www.linkedin.com/about,0,SAFE,synthetic_benchmark
https://blog.fastapi.tiangolo.com/docs,0,SAFE,synthetic_benchmark
https://www.cloudflare.com,0,SAFE,synthetic_benchmark
http://chase.secure.banking.alert.temp-file-share.xyz/claim/reward?user_id=99281&promo=spring,1,SUSPICIOUS,synthetic_benchmark
https://www.kernel.org/contact,0,SAFE,synthetic_benchmark
https://status.pydantic.dev/contact,0,SAFE,synthetic_benchmark
http://195.123.245.89:8080/dhl-parcel/login-credential-update.cgi?client_id=66272,1,PHISHING,synthetic_benchmark
http://212.192.241.8/binance/urgent-security-checkpoint.html?client_id=45227,1,PHISHING,synthetic_benchmark
http://185.220.101.5/fedex-tracking/verify-account-security/index.php?client_id=57707,1,PHISHING,synthetic_benchmark
https://zoom.us/about,0,SAFE,synthetic_benchmark
http://secure.account.update.network-speed-test.guru/notice/suspended?action=resolve,1,SUSPICIOUS,synthetic_benchmark
http://auth.user.login.confirm.prize-winner-claim.top/notice/suspended?action=resolve,1,SUSPICIOUS,synthetic_benchmark
https://wellsfargo-recover-restricted-profile.icu/auth/verify.php?target=wellsfargo,1,PHISHING,synthetic_benchmark
https://oracle.com/contact,0,SAFE,synthetic_benchmark
https://wallet.web3.connect.restore.prize-winner-claim.top/notice/suspended?action=resolve,1,SUSPICIOUS,synthetic_benchmark
https://debian.org/contact,0,SAFE,synthetic_benchmark
https://archive.org,0,SAFE,synthetic_benchmark
https://apache.org/pricing,0,SAFE,synthetic_benchmark
http://secure-gateway.icu/redirect.php?url=http://login-dhl-parcel-auth.xyz/confirm,1,PHISHING,synthetic_benchmark
http://auth.user.login.confirm.bonus-token-claim.site/notice/suspended?action=resolve,1,SUSPICIOUS,synthetic_benchmark
http://binance-login-credential-update.cf/signin.php?action=login,1,PHISHING,synthetic_benchmark
https://harvard.edu,0,SAFE,synthetic_benchmark
https://support.reuters.com/learn/python-basics/module-3,0,SAFE,synthetic_benchmark
http://secure-gateway.icu/redirect.php?url=http://login-microsoft365-auth.xyz/confirm,1,PHISHING,synthetic_benchmark
http://178.159.37.45/usps-delivery/unusual-activity-warning/index.php?client_id=37479,1,PHISHING,synthetic_benchmark
https://gitlab.com,0,SAFE,synthetic_benchmark
https://bankofamerica-login-credential-update.ml/auth/verify.php?target=bankofamerica,1,PHISHING,synthetic_benchmark
https://microsoft.com/pricing,0,SAFE,synthetic_benchmark
http://91.240.118.172/dhl-parcel/billing-suspended-reactivate.php?client_id=82465,1,PHISHING,synthetic_benchmark
http://microsoft365.com@login-verify-936.cf/account/login.php,1,PHISHING,synthetic_benchmark
http://auth.user.login.confirm.freepages-hosting.net/download/setup_installer.exe,1,SUSPICIOUS,synthetic_benchmark
http://billing.service.customer.desk.prize-winner-claim.top/portal/login?return_to=dashboard,1,SUSPICIOUS,synthetic_benchmark
https://portal.access.security.verify.urgent-update-notice.top/download/setup_installer.exe,1,SUSPICIOUS,synthetic_benchmark
http://appleid-urgent-security-checkpoint.ml/login?session=200575,1,PHISHING,synthetic_benchmark
https://status.ibm.com/articles/2026/cybersecurity-best-practices,0,SAFE,synthetic_benchmark
http://wallet.web3.connect.restore.duckdns.org/download/setup_installer.exe,1,SUSPICIOUS,synthetic_benchmark
https://dev.mit.edu/contact,0,SAFE,synthetic_benchmark
https://binance-password-reset-notice.tk/checkpoint/identity-challenge,1,PHISHING,synthetic_benchmark
https://harvard.edu/,0,SAFE,synthetic_benchmark
https://secure.network-speed-test.guru/auth/check-session?token=8471928471,1,SUSPICIOUS,synthetic_benchmark
https://billing.service.customer.desk.wallet-connect-portal.live/account/update-details.php,1,SUSPICIOUS,synthetic_benchmark
http://secure.file-download-fast.rest/verification/step1,1,SUSPICIOUS,synthetic_benchmark
https://www.sqlalchemy.org/contact,0,SAFE,synthetic_benchmark
https://metamask-auth-token-validation.club/secure-login.html,1,PHISHING,synthetic_benchmark
http://amazon-security-update.pw/%2e%2e/%73%65%63%75%72%65/login?auth=true,1,PHISHING,synthetic_benchmark
https://api.numpy.org/about,0,SAFE,synthetic_benchmark
http://netflix-unusual-activity-warning.icu/signin.php?action=login,1,PHISHING,synthetic_benchmark
https://www.dropbox.com/about,0,SAFE,synthetic_benchmark
http://secure.duckdns.org/webscr?cmd=_flow&dispatch=5885d80a13c0db1f8e263663d3faee8d4,1,SUSPICIOUS,synthetic_benchmark
https://reddit.com/contact,0,SAFE,synthetic_benchmark
https://www.netflix.com/,0,SAFE,synthetic_benchmark
http://193.106.191.22/netflix/password-reset-notice.php?client_id=84107,1,PHISHING,synthetic_benchmark
http://178.159.37.45/bankofamerica/password-reset-notice.html?client_id=92323,1,PHISHING,synthetic_benchmark
http://support.microsoft.account.recovery.ngrok-free.app/portal/login?return_to=dashboard,1,SUSPICIOUS,synthetic_benchmark
https://support.microsoft.account.recovery.freepages-hosting.net/support/ticket/review,1,SUSPICIOUS,synthetic_benchmark
http://chase-verify-account-security.ml/checkpoint/identity-challenge,1,PHISHING,synthetic_benchmark
https://status.apache.org/contact,0,SAFE,synthetic_benchmark
https://linkedin.com/about,0,SAFE,synthetic_benchmark
https://community.debian.org/terms-of-service,0,SAFE,synthetic_benchmark
http://paypal.account.resolution.center.vip-deal-exclusive.icu/verification/step1,1,SUSPICIOUS,synthetic_benchmark
https://dev.zoom.us/,0,SAFE,synthetic_benchmark
https://www.bbc.com/,0,SAFE,synthetic_benchmark
https://api.mit.edu/releases/tag/v2.4.0,0,SAFE,synthetic_benchmark
https://netflix-password-reset-notice.xyz/checkpoint/identity-challenge,1,PHISHING,synthetic_benchmark
https://docs.un.org,0,SAFE,synthetic_benchmark
https://www.reddit.com/contact,0,SAFE,synthetic_benchmark
http://binance-security-update.pw/%2e%2e/%73%65%63%75%72%65/login?auth=true,1,PHISHING,synthetic_benchmark
http://metamask-verify-account-security.tk/signin.php?action=login,1,PHISHING,synthetic_benchmark
https://bitbucket.org/pricing,0,SAFE,synthetic_benchmark
https://scikit-learn.org/pricing,0,SAFE,synthetic_benchmark
https://www.kernel.org,0,SAFE,synthetic_benchmark
http://193.106.191.22/microsoft365/password-reset-notice/index.php?client_id=51800,1,PHISHING,synthetic_benchmark
https://gitlab.com/about,0,SAFE,synthetic_benchmark
http://chase-confirm-identity-access.tk/auth/verify.php?target=chase,1,PHISHING,synthetic_benchmark
https://www.fastapi.tiangolo.com/pricing,0,SAFE,synthetic_benchmark
https://api.wikipedia.org/contact,0,SAFE,synthetic_benchmark
https://amazon.com,0,SAFE,synthetic_benchmark
http://fedex-tracking-verify-account-security.ml/secure-login.html,1,PHISHING,synthetic_benchmark
http://secure.bonus-token-claim.site/download/setup_installer.exe,1,SUSPICIOUS,synthetic_benchmark
https://secure.account-verification-service.work/redirect.php?url=https://legitimate-looking.com,1,SUSPICIOUS,synthetic_benchmark
https://www.who.int/,0,SAFE,synthetic_benchmark
http://bankofamerica-login-credential-update.icu/checkpoint/identity-challenge,1,PHISHING,synthetic_benchmark
http://amazon-unusual-activity-warning.cf/signin.php?action=login,1,PHISHING,synthetic_benchmark
http://194.26.29.112/dhl-parcel/billing-suspended-reactivate.php?client_id=66072,1,PHISHING,synthetic_benchmark
https://www.atlassian.com/about,0,SAFE,synthetic_benchmark
http://citibank-security-update.icu/%2e%2e/%73%65%63%75%72%65/login?auth=true,1,PHISHING,synthetic_benchmark
https://dev.sqlalchemy.org/weather/forecast?city=seattle&days=7,0,SAFE,synthetic_benchmark
http://secure.account.update.account-verification-service.work/account/update-details.php,1,SUSPICIOUS,synthetic_benchmark
http://support.microsoft.account.recovery.cloud-storage-anon.link/support/ticket/review,1,SUSPICIOUS,synthetic_benchmark
https://apache.org/about,0,SAFE,synthetic_benchmark
http://195.123.245.89:8080/coinbase/urgent-security-checkpoint.cgi?client_id=36928,1,PHISHING,synthetic_benchmark
http://appleid-auth-token-validation.gq/login?session=507135,1,PHISHING,synthetic_benchmark
https://fedex-tracking-login-credential-update.buzz/signin.php?action=login,1,PHISHING,synthetic_benchmark
https://dev.nih.gov/terms-of-service,0,SAFE,synthetic_benchmark
http://metamask-security-update.icu/%2e%2e/%73%65%63%75%72%65/login?auth=true,1,PHISHING,synthetic_benchmark
http://reddit.com,0,SAFE,synthetic_benchmark
https://support.intel.com/community/forum/topic/10429,0,SAFE,synthetic_benchmark
http://id.apple.security.check.temp-file-share.xyz/download/setup_installer.exe,1,SUSPICIOUS,synthetic_benchmark
http://netflix-security-update.gq/%2e%2e/%73%65%63%75%72%65/login?auth=true,1,PHISHING,synthetic_benchmark
http://appleid-confirm-identity-access.tk/secure-login.html,1,PHISHING,synthetic_benchmark
https://www.wikipedia.org/,0,SAFE,synthetic_benchmark
https://stanford.edu/contact,0,SAFE,synthetic_benchmark
https://www.stanford.edu/pricing,0,SAFE,synthetic_benchmark
https://community.intel.com,0,SAFE,synthetic_benchmark
https://quora.com/contact,0,SAFE,synthetic_benchmark
http://binance-recover-restricted-profile.xyz/signin.php?action=login,1,PHISHING,synthetic_benchmark
https://www.gitlab.com/,0,SAFE,synthetic_benchmark
http://secure.customer-support-desk24.top/account/update-details.php,1,SUSPICIOUS,synthetic_benchmark
https://www.nih.gov/,0,SAFE,synthetic_benchmark
https://scikit-learn.org,0,SAFE,synthetic_benchmark
https://www.slack.com/pricing,0,SAFE,synthetic_benchmark
http://microsoft365-verify-account-security.gq/checkpoint/identity-challenge,1,PHISHING,synthetic_benchmark
http://chase-security-update.xyz/%2e%2e/%73%65%63%75%72%65/login?auth=true,1,PHISHING,synthetic_benchmark
http://paypal.account.resolution.center.customer-support-desk24.top/verification/step1,1,SUSPICIOUS,synthetic_benchmark
https://support.microsoft.account.recovery.vip-deal-exclusive.icu/verification/step1,1,SUSPICIOUS,synthetic_benchmark
http://103.109.102.14/appleid/confirm-identity-access.html?client_id=78303,1,PHISHING,synthetic_benchmark
http://178.159.37.45:3000/metamask/confirm-identity-access.html?client_id=66314,1,PHISHING,synthetic_benchmark
http://10.0.0.55/binance/login-credential-update/login.aspx?client_id=92251,1,PHISHING,synthetic_benchmark
http://auth.user.login.confirm.wallet-connect-portal.live/support/ticket/review,1,SUSPICIOUS,synthetic_benchmark
https://atlassian.com/contact,0,SAFE,synthetic_benchmark
http://secure.software-crack-free.pw/account/update-details.php,1,SUSPICIOUS,synthetic_benchmark
https://community.ibm.com/pricing,0,SAFE,synthetic_benchmark
http://195.123.245.89/metamask/password-reset-notice.html?client_id=70012,1,PHISHING,synthetic_benchmark
https://docs.sqlalchemy.org/resources/whitepapers/cloud-governance.pdf,0,SAFE,synthetic_benchmark
https://docs.nytimes.com/explore/trending,0,SAFE,synthetic_benchmark
https://banking.online.app.validate.temp-file-share.xyz/auth/check-session?token=8471928471,1,SUSPICIOUS,synthetic_benchmark
https://microsoft.com/about,0,SAFE,synthetic_benchmark
https://pydantic.dev/contact,0,SAFE,synthetic_benchmark
http://wallet.web3.connect.restore.cloud-storage-anon.link/account/update-details.php,1,SUSPICIOUS,synthetic_benchmark
https://auth.user.login.confirm.bonus-token-claim.site/support/ticket/review,1,SUSPICIOUS,synthetic_benchmark
http://portal.access.security.verify.duckdns.org/claim/reward?user_id=99281&promo=spring,1,SUSPICIOUS,synthetic_benchmark
http://usps-delivery.com@login-verify-983.cf/account/login.php,1,PHISHING,synthetic_benchmark
http://usps-delivery-security-update.pw/%2e%2e/%73%65%63%75%72%65/login?auth=true,1,PHISHING,synthetic_benchmark
https://www.ubuntu.com/,0,SAFE,synthetic_benchmark
http://wellsfargo-security-update.top/%2e%2e/%73%65%63%75%72%65/login?auth=true,1,PHISHING,synthetic_benchmark
https://support.microsoft.account.recovery.urgent-update-notice.top/verification/step1,1,SUSPICIOUS,synthetic_benchmark
http://wallet.web3.connect.restore.login-portal-center.club/portal/login?return_to=dashboard,1,SUSPICIOUS,synthetic_benchmark
http://178.159.37.45/microsoft365/auth-token-validation/login.aspx?client_id=24972,1,PHISHING,synthetic_benchmark
http://dhl-parcel-auth-token-validation.xyz/signin.php?action=login,1,PHISHING,synthetic_benchmark
https://secure.dynamic-dns.org/webscr?cmd=_flow&dispatch=5885d80a13c0db1f8e263663d3faee8d4,1,SUSPICIOUS,synthetic_benchmark
https://medium.com/pricing,0,SAFE,synthetic_benchmark
https://mit.edu,0,SAFE,synthetic_benchmark
https://portal.access.security.verify.secure-portal-auth0.xyz/account/update-details.php,1,SUSPICIOUS,synthetic_benchmark
https://adobe.com/contact,0,SAFE,synthetic_benchmark
https://community.cloudflare.com,0,SAFE,synthetic_benchmark
https://intel.com/pricing,0,SAFE,synthetic_benchmark
http://billing.service.customer.desk.dynamic-dns.org/webscr?cmd=_flow&dispatch=5885d80a13c0db1f8e263663d3faee8d4,1,SUSPICIOUS,synthetic_benchmark
http://billing.service.customer.desk.software-crack-free.pw/webscr?cmd=_flow&dispatch=5885d80a13c0db1f8e263663d3faee8d4,1,SUSPICIOUS,synthetic_benchmark
http://citibank-urgent-security-checkpoint.top/signin.php?action=login,1,PHISHING,synthetic_benchmark
http://update-usps-delivery.icu//auth/login/step1?session_token=a9f8b2c4e1,1,PHISHING,synthetic_benchmark
https://quora.com/pricing,0,SAFE,synthetic_benchmark
https://www.adobe.com/,0,SAFE,synthetic_benchmark
https://docs.quora.com/projects/open-source/contributors,0,SAFE,synthetic_benchmark
https://reuters.com/about,0,SAFE,synthetic_benchmark
http://secure.vip-deal-exclusive.icu/account/update-details.php,1,SUSPICIOUS,synthetic_benchmark
https://stanford.edu,0,SAFE,synthetic_benchmark
http://appleid-password-reset-notice.club/signin.php?action=login,1,PHISHING,synthetic_benchmark
http://79.137.199.120/metamask/urgent-security-checkpoint/index.php?client_id=69243,1,PHISHING,synthetic_benchmark
https://binance-urgent-security-checkpoint.tk/login?session=168458,1,PHISHING,synthetic_benchmark
https://nytimes.com/,0,SAFE,synthetic_benchmark
http://metamask-security-update.tk/%2e%2e/%73%65%63%75%72%65/login?auth=true,1,PHISHING,synthetic_benchmark
https://www.pandas.pydata.org/contact,0,SAFE,synthetic_benchmark
https://zoom.us/contact,0,SAFE,synthetic_benchmark
https://quora.com,0,SAFE,synthetic_benchmark
https://dev.sqlalchemy.org/search?q=machine+learning+tutorial,0,SAFE,synthetic_benchmark
https://docs.nih.gov/projects/open-source/contributors,0,SAFE,synthetic_benchmark
https://numpy.org/about,0,SAFE,synthetic_benchmark
https://kernel.org/contact,0,SAFE,synthetic_benchmark
http://gitlab.com/pricing,0,SAFE,synthetic_benchmark
http://netflix-login-credential-update.buzz/signin.php?action=login,1,PHISHING,synthetic_benchmark
https://wallet.web3.connect.restore.secure-portal-auth0.xyz/redirect.php?url=https://legitimate-looking.com,1,SUSPICIOUS,synthetic_benchmark
https://status.nasa.gov/help/faq,0,SAFE,synthetic_benchmark
https://id.apple.security.check.file-download-fast.rest/verification/step1,1,SUSPICIOUS,synthetic_benchmark
https://blog.cnn.com/explore/trending,0,SAFE,synthetic_benchmark
http://billing.service.customer.desk.login-portal-center.club/support/ticket/review,1,SUSPICIOUS,synthetic_benchmark
https://www.nasa.gov,0,SAFE,synthetic_benchmark
http://binance-recover-restricted-profile.cf/checkpoint/identity-challenge,1,PHISHING,synthetic_benchmark
http://binance-confirm-identity-access.club/signin.php?action=login,1,PHISHING,synthetic_benchmark
http://support.microsoft.account.recovery.bonus-token-claim.site/account/update-details.php,1,SUSPICIOUS,synthetic_benchmark
http://bankofamerica.com@login-verify-304.xyz/account/login.php,1,PHISHING,synthetic_benchmark
http://update-paypal.club//auth/login/step1?session_token=a9f8b2c4e1,1,PHISHING,synthetic_benchmark
https://www.microsoft.com/about,0,SAFE,synthetic_benchmark
https://linkedin.com,0,SAFE,synthetic_benchmark
https://ibm.com/pricing,0,SAFE,synthetic_benchmark
https://gitlab.com/contact,0,SAFE,synthetic_benchmark
http://coinbase-recover-restricted-profile.ga/signin.php?action=login,1,PHISHING,synthetic_benchmark
http://metamask-verify-account-security.ga/login?session=541315,1,PHISHING,synthetic_benchmark
https://www.amazon.com,0,SAFE,synthetic_benchmark
https://auth.user.login.confirm.file-download-fast.rest/download/setup_installer.exe,1,SUSPICIOUS,synthetic_benchmark
http://billing.service.customer.desk.temp-file-share.xyz/support/ticket/review,1,SUSPICIOUS,synthetic_benchmark
https://bitbucket.org/,0,SAFE,synthetic_benchmark
https://wallet.web3.connect.restore.file-download-fast.rest/webscr?cmd=_flow&dispatch=5885d80a13c0db1f8e263663d3faee8d4,1,SUSPICIOUS,synthetic_benchmark
http://amazon-confirm-identity-access.icu/checkpoint/identity-challenge,1,PHISHING,synthetic_benchmark
http://secure.temp-file-share.xyz/support/ticket/review,1,SUSPICIOUS,synthetic_benchmark
https://docker.com/,0,SAFE,synthetic_benchmark
https://dev.linkedin.com/docs/v2/overview,0,SAFE,synthetic_benchmark
https://microsoft365-billing-suspended-reactivate.ga/login?session=885342,1,PHISHING,synthetic_benchmark
https://www.debian.org/,0,SAFE,synthetic_benchmark
http://103.109.102.14:3000/bankofamerica/auth-token-validation.cgi?client_id=81612,1,PHISHING,synthetic_benchmark
https://python.org/contact,0,SAFE,synthetic_benchmark
http://banking.online.app.validate.stream-hd-movies.cam/account/update-details.php,1,SUSPICIOUS,synthetic_benchmark
http://auth.user.login.confirm.freepages-hosting.net/redirect.php?url=https://legitimate-looking.com,1,SUSPICIOUS,synthetic_benchmark
http://79.137.199.120/bankofamerica/urgent-security-checkpoint.html?client_id=72784,1,PHISHING,synthetic_benchmark
http://id.apple.security.check.online-bonus-spins.buzz/auth/check-session?token=8471928471,1,SUSPICIOUS,synthetic_benchmark
https://nasa.gov/about,0,SAFE,synthetic_benchmark
http://dhl-parcel.com@login-verify-892.cf/account/login.php,1,PHISHING,synthetic_benchmark
https://paypal.account.resolution.center.account-verification-service.work/claim/reward?user_id=99281&promo=spring,1,SUSPICIOUS,synthetic_benchmark
